Workbook

Sheet splits v3
B1: Name | C1: Bib Number | D1: Gender | E1: AS1 arr order | F1: AS1 arr TOD | G1: AS1 dep TOD | H1: AS2 arr order | I1: AS2 arr TOD | J1: AS2dep TOD | K1: AS3 arr order | L1: AS3 arr TOD | M1: AS3 dep TOD | N1: AS4 arr order | O1: AS4 arr TOD | P1: AS4 dep TOD | Q1: AS5 arr order | R1: AS5 arr TOD | S1: AS5 dep TOD | T1: AS6 arr order | U1: AS6 arr TOD | V1: AS6 dep TOD | W1: AS7 arr order | X1: AS7 arr TOD | Y1: AS7 dep TOD | Z1: AS8 arr order | AA1: AS8 arr TOD | AB1: AS8 dep TOD | AC1: AS9 arr order | AD1: AS9 arr TOD | AE1: AS9 dep TOD | AF1: AS10 arr order | AG1: AS10 arr TOD | AH1: AS10 dep TOD | AI1: AS11 arr order | AJ1: AS11 arr TOD | AK1: AS11 dep TOD | AL1: AS12 arr order | AM1: AS12 arr TOD | AN1: AS12 dep TOD | AO1: AS13 arr order | AP1: AS13 arr TOD | AQ1: AS13 dep TOD | AR1: AS14 arr order | AS1: AS14 arr TOD | AT1: AS14 dep TOD | AU1: AS15 arr order | AV1: AS15 arr TOD | AW1: AS15 dep TOD | AX1: AS16 arr order | AY1: AS16 arr TOD | AZ1: AS16 dep TOD | BA1: F arr order | BB1: F arr TOD
B2: RYAN CLIFFORD | C2: 537 | D2: M | E2: 1 | F2: 0.25138889 | G2: 0.25208333 | H2: 9 | I2: 0.29444444 | J2: 0.29444444 | K2: 3 | L2: 0.34097222 | M2: 0.34236111 | N2: 1 | O2: 0.39513889 | P2: 0.39583333 | Q2: 1 | R2: 0.43680556 | S2: 0.43680556 | T2: 1 | U2: 0.47708333 | V2: 0.47847222 | W2: 1 | X2: 0.50972222 | Y2: 0.51111111 | Z2: 1 | AB2: 0.57430556 | AC2: 1 | AD2: 0.61527778 | AE2: 0.61666667 | AF2: 1 | AG2: 0.67916667 | AH2: 0.68333333 | AI2: 1 | AJ2: 0.72777778 | AK2: 0.72847222 | AL2: 1 | AM2: 0.78680556 | AN2: 0.78958333 | AO2: 1 | AP2: 0.82291667 | AQ2: 0.82708333 | AR2: 1 | AS2: 0.87361111 | AT2: 0.875 | AU2: 1 | AV2: 0.94583333 | AW2: 0.95 | AX2: 1 | AY2: 0.0048611111 | AZ2: 0.0076388889 | BA2: 1 | BB2: 44787.051
B3: EMANUEL KING | C3: 596 | D3: M | E3: 3 | F3: 0.25138889 | G3: 0.25208333 | H3: 1 | I3: 0.29097222 | J3: 0.29166667 | K3: 2 | L3: 0.34097222 | M3: 0.34305556 | N3: 2 | O3: 0.40069444 | P3: 0.40138889 | Q3: 2 | R3: 0.44722222 | S3: 0.44930556 | T3: 2 | U3: 0.50763889 | V3: 0.50902778 | W3: 2 | X3: 0.54097222 | Y3: 0.54305556 | Z3: 2 | AB3: 0.62291667 | AC3: 2 | AD3: 0.66736111 | AE3: 0.67013889 | AF3: 2 | AG3: 0.73958333 | AH3: 0.74583333 | AI3: 2 | AJ3: 0.8 | AK3: 0.80138889 | AL3: 2 | AM3: 0.87152778 | AN3: 0.87361111 | AO3: 2 | AP3: 0.91527778 | AQ3: 0.92013889 | AR3: 2 | AS3: 0.97430556 | AT3: 0.97777778 | AU3: 2 | AV3: 0.056944444 | AW3: 0.060416667 | AX3: 2 | AY3: 0.11875 | AZ3: 0.11944444 | BA3: 2 | BB3: 44787.158
B4: TRISTAN BAXENDALE | C4: 513 | D4: M | E4: 9 | F4: 0.25208333 | G4: 0.25277778 | H4: 7 | I4: 0.29236111 | J4: 0.29236111 | K4: 9 | L4: 0.34583333 | M4: 0.34791667 | N4: 8 | O4: 0.41666667 | P4: 0.41875 | Q4: 8 | R4: 0.47291667 | S4: 0.47430556 | T4: 10 | U4: 0.53055556 | V4: 0.53263889 | W4: 12 | X4: 0.57430556 | Y4: 0.57777778 | Z4: 9 | AB4: 0.65902778 | AC4: 8 | AD4: 0.70625 | AE4: 0.70972222 | AF4: 8 | AG4: 0.78333333 | AH4: 0.78680556 | AI4: 7 | AJ4: 0.84097222 | AK4: 0.84375 | AL4: 5 | AM4: 0.91180556 | AN4: 0.91736111 | AO4: 6 | AP4: 0.96319444 | AQ4: 0.96666667 | AR4: 4 | AS4: 0.020138889 | AT4: 0.023611111 | AU4: 4 | AV4: 0.10625 | AW4: 0.11041667 | AX4: 3 | AY4: 0.16388889 | AZ4: 0.16458333 | BA4: 3 | BB4: 44787.199
B5: ERIC KOSEK | C5: 603 | D5: M | E5: 6 | F5: 0.25208333 | G5: 0.25277778 | H5: 6 | I5: 0.29236111 | J5: 0.29236111 | K5: 8 | L5: 0.34583333 | M5: 0.34791667 | N5: 9 | O5: 0.41666667 | P5: 0.41875 | Q5: 9 | R5: 0.47291667 | S5: 0.475 | T5: 8 | U5: 0.52291667 | V5: 0.525 | W5: 8 | X5: 0.55902778 | Y5: 0.56319444 | Z5: 7 | AB5: 0.64652778 | AC5: 7 | AD5: 0.70069444 | AE5: 0.70694444 | AF5: 7 | AG5: 0.78333333 | AH5: 0.79305556 | AI5: 8 | AJ5: 0.84861111 | AK5: 0.85347222 | AL5: 7 | AM5: 0.92430556 | AN5: 0.92708333 | AO5: 7 | AP5: 0.97222222 | AQ5: 0.97708333 | AR5: 6 | AS5: 0.034722222 | AT5: 0.038888889 | AU5: 6 | AV5: 0.12361111 | AW5: 0.12638889 | AX5: 6 | AY5: 0.17777778 | AZ5: 0.17777778 | BA5: 4 | BB5: 44787.207
B6: KEVIN SCOTT | C6: 689 | D6: M | E6: 12 | F6: 0.25416667 | G6: 0.25416667 | K6: 13 | L6: 0.35555556 | M6: 0.35902778 | N6: 14 | O6: 0.42847222 | P6: 0.42916667 | Q6: 14 | R6: 0.48958333 | S6: 0.49097222 | T6: 13 | U6: 0.54375 | V6: 0.54444444 | W6: 13 | X6: 0.57916667 | Y6: 0.58680556 | Z6: 10 | AB6: 0.67013889 | AC6: 10 | AD6: 0.71736111 | AE6: 0.71944444 | AF6: 9 | AG6: 0.79166667 | AH6: 0.79930556 | AI6: 9 | AJ6: 0.85416667 | AK6: 0.85763889 | AL6: 6 | AM6: 0.92291667 | AN6: 0.925 | AO6: 5 | AP6: 0.9625 | AQ6: 0.96805556 | AR6: 5 | AS6: 0.022222222 | AT6: 0.025694444 | AU6: 5 | AV6: 0.10694444 | AW6: 0.1125 | AX6: 5 | AY6: 0.17638889 | AZ6: 0.17708333 | BA6: 5 | BB6: 44787.213
B7: BENJAMIN LINNE | C7: 620 | D7: M | E7: 10 | F7: 0.25208333 | G7: 0.25277778 | H7: 8 | I7: 0.29236111 | J7: 0.29236111 | K7: 6 | L7: 0.34444444 | M7: 0.34652778 | N7: 7 | O7: 0.41597222 | P7: 0.41666667 | Q7: 7 | R7: 0.47083333 | S7: 0.47222222 | T7: 7 | U7: 0.51944444 | V7: 0.52083333 | W7: 7 | X7: 0.55277778 | Y7: 0.55763889 | Z7: 6 | AB7: 0.64305556 | AC7: 5 | AD7: 0.69166667 | AE7: 0.69375 | AF7: 5 | AG7: 0.76736111 | AH7: 0.77013889 | AI7: 4 | AJ7: 0.82569444 | AK7: 0.82708333 | AL7: 4 | AM7: 0.90277778 | AN7: 0.90486111 | AO7: 3 | AP7: 0.94652778 | AQ7: 0.95069444 | AR7: 3 | AS7: 0.0076388889 | AT7: 0.011111111 | AU7: 3 | AV7: 0.10277778 | AW7: 0.10555556 | AX7: 4 | AY7: 0.17291667 | AZ7: 0.17361111 | BA7: 6 | BB7: 44787.217
B8: NICOLAS CROUZIER | C8: 543 | D8: M | E8: 26 | F8: 0.25972222 | G8: 0.26041667 | K8: 24 | L8: 0.36388889 | M8: 0.36736111 | N8: 19 | O8: 0.43541667 | P8: 0.4375 | Q8: 16 | R8: 0.49236111 | S8: 0.49513889 | T8: 16 | U8: 0.54861111 | V8: 0.55138889 | W8: 16 | X8: 0.59097222 | Y8: 0.60208333 | Z8: 17 | AB8: 0.69097222 | AC8: 14 | AD8: 0.74027778 | AE8: 0.74305556 | AF8: 12 | AG8: 0.81597222 | AH8: 0.82430556 | AI8: 12 | AJ8: 0.875 | AK8: 0.88055556 | AL8: 10 | AM8: 0.94652778 | AN8: 0.95208333 | AO8: 9 | AP8: 0.99097222 | AQ8: 0.99583333 | AR8: 8 | AS8: 0.049305556 | AT8: 0.052083333 | AU8: 7 | AV8: 0.13888889 | AW8: 0.14236111 | AX8: 7 | AY8: 0.25833333 | AZ8: 0.21875 | BA8: 7 | BB8: 44787.267
B9: ANTHONY BECKER | C9: 515 | D9: M | E9: 16 | F9: 0.25694444 | G9: 0.25694444 | H9: 16 | I9: 0.30208333 | J9: 0.30208333 | K9: 14 | L9: 0.35902778 | M9: 0.35972222 | N9: 13 | O9: 0.42777778 | P9: 0.42847222 | Q9: 12 | R9: 0.48263889 | S9: 0.48333333 | T9: 12 | U9: 0.53402778 | V9: 0.53472222 | W9: 9 | X9: 0.57013889 | Y9: 0.57152778 | Z9: 8 | AB9: 0.65902778 | AC9: 9 | AD9: 0.71319444 | AE9: 0.71458333 | AF9: 10 | AG9: 0.79305556 | AH9: 0.79444444 | AI9: 10 | AJ9: 0.85555556 | AK9: 0.85763889 | AL9: 9 | AM9: 0.93819444 | AN9: 0.94027778 | AO9: 10 | AP9: 0.99236111 | AQ9: 0.99444444 | AR9: 10 | AS9: 0.056944444 | AT9: 0.059027778 | AU9: 9 | AV9: 0.15416667 | AW9: 0.15625 | AX9: 8 | AY9: 0.225 | AZ9: 0.22638889 | BA9: 8 | BB9: 44787.268
B10: CALEB ROTH | C10: 685 | D10: M | E10: 31 | F10: 0.25972222 | G10: 0.26041667 | H10: 33 | I10: 0.30902778 | J10: 0.30902778 | K10: 33 | L10: 0.36875 | M10: 0.37083333 | N10: 29 | O10: 0.44513889 | P10: 0.44583333 | Q10: 26 | R10: 0.50208333 | S10: 0.50416667 | T10: 28 | U10: 0.56180556 | V10: 0.56319444 | W10: 28 | X10: 0.60277778 | Y10: 0.60625 | Z10: 22 | AB10: 0.69652778 | AC10: 21 | AD10: 0.74861111 | AE10: 0.75347222 | AF10: 19 | AG10: 0.82916667 | AH10: 0.83541667 | AI10: 17 | AJ10: 0.89583333 | AK10: 0.89930556 | AL10: 14 | AM10: 0.96736111 | AN10: 0.97152778 | AO10: 11 | AP10: 0.0125 | AQ10: 0.015277778 | AR10: 11 | AS10: 0.072222222 | AT10: 0.076388889 | AU10: 10 | AV10: 0.16597222 | AW10: 0.16944444 | AX10: 10 | AY10: 0.24097222 | AZ10: 0.24236111 | BA10: 9 | BB10: 44787.283
B11: TREVOR FYE | C11: 563 | D11: M | E11: 7 | F11: 0.25208333 | G11: 0.25277778 | K11: 7 | L11: 0.34583333 | M11: 0.34791667 | N11: 6 | O11: 0.41597222 | P11: 0.41666667 | Q11: 6 | R11: 0.47083333 | S11: 0.47222222 | T11: 5 | U11: 0.51805556 | V11: 0.51944444 | W11: 6 | X11: 0.55277778 | Y11: 0.55555556 | Z11: 5 | AB11: 0.64166667 | AC11: 6 | AD11: 0.69166667 | AE11: 0.69375 | AF11: 6 | AG11: 0.77152778 | AH11: 0.775 | AI11: 6 | AJ11: 0.83958333 | AK11: 0.84166667 | AL11: 8 | AM11: 0.92986111 | AN11: 0.93263889 | AO11: 8 | AP11: 0.98680556 | AQ11: 0.98958333 | AR11: 9 | AS11: 0.050694444 | AT11: 0.052083333 | AU11: 8 | AV11: 0.15277778 | AW11: 0.15694444 | AX11: 9 | AY11: 0.2375 | AZ11: 0.23819444 | BA11: 10 | BB11: 44787.285
B12: ADAM KOLB | C12: 601 | D12: M | E12: 11 | F12: 0.25416667 | G12: 0.25416667 | H12: 12 | I12: 0.29861111 | J12: 0.29861111 | K12: 15 | L12: 0.35902778 | M12: 0.36180556 | N12: 22 | O12: 0.43680556 | P12: 0.43819444 | Q12: 20 | R12: 0.49583333 | S12: 0.49791667 | T12: 20 | U12: 0.55347222 | V12: 0.55555556 | W12: 19 | X12: 0.59305556 | Y12: 0.59791667 | Z12: 19 | AB12: 0.69236111 | AC12: 19 | AD12: 0.74513889 | AE12: 0.74722222 | AF12: 16 | AG12: 0.82291667 | AH12: 0.82777778 | AI12: 15 | AJ12: 0.88819444 | AK12: 0.88958333 | AL12: 16 | AM12: 0.96944444 | AN12: 0.97222222 | AO12: 13 | AP12: 0.021527778 | AQ12: 0.027083333 | AR12: 13 | AS12: 0.089583333 | AT12: 0.093055556 | AU12: 13 | AV12: 0.18402778 | AW12: 0.18888889 | AX12: 12 | AY12: 0.25138889 | AZ12: 0.25138889 | BA12: 11 | BB12: 44787.286
B13: JUSTYNA WILSON | C13: 731 | D13: F | E13: 24 | F13: 0.25902778 | G13: 0.25972222 | H13: 136 | I13: 0.33402778 | J13: 0.33402778 | K13: 30 | L13: 0.36736111 | M13: 0.36875 | N13: 25 | O13: 0.44166667 | P13: 0.44236111 | Q13: 25 | R13: 0.5 | S13: 0.50138889 | T13: 22 | U13: 0.55555556 | V13: 0.55625 | W13: 20 | X13: 0.59305556 | Y13: 0.59444444 | Z13: 13 | AB13: 0.68541667 | AC13: 12 | AD13: 0.73680556 | AE13: 0.7375 | AF13: 13 | AG13: 0.81666667 | AH13: 0.81875 | AI13: 13 | AJ13: 0.875 | AK13: 0.87708333 | AL13: 12 | AM13: 0.96180556 | AN13: 0.96388889 | AO13: 12 | AP13: 0.013888889 | AQ13: 0.015972222 | AR13: 12 | AS13: 0.08125 | AT13: 0.083333333 | AU13: 12 | AV13: 0.17986111 | AW13: 0.18263889 | AX13: 11 | AY13: 0.25138889 | AZ13: 0.25138889 | BA13: 12 | BB13: 44787.295
B14: ADAM KOPPANY | C14: 602 | D14: M | E14: 101 | F14: 0.26875 | G14: 0.26944444 | H14: 82 | I14: 0.32152778 | J14: 0.32152778 | K14: 60 | L14: 0.38194444 | M14: 0.38472222 | N14: 47 | O14: 0.45555556 | P14: 0.45694444 | Q14: 40 | R14: 0.5125 | S14: 0.51458333 | T14: 35 | U14: 0.56666667 | V14: 0.57013889 | W14: 34 | X14: 0.60972222 | Y14: 0.61319444 | Z14: 25 | AB14: 0.69930556 | AC14: 24 | AD14: 0.74930556 | AE14: 0.75208333 | AF14: 23 | AG14: 0.83055556 | AH14: 0.84236111 | AI14: 20 | AJ14: 0.90138889 | AK14: 0.90416667 | AL14: 18 | AM14: 0.97916667 | AN14: 0.98194444 | AO14: 17 | AP14: 0.03125 | AQ14: 0.034722222 | AR14: 15 | AS14: 0.096527778 | AT14: 0.10069444 | AU14: 14 | AV14: 0.19375 | AW14: 0.19583333 | AX14: 13 | AY14: 0.26111111 | AZ14: 0.25763889 | BA14: 13 | BB14: 44787.302
B15: JUSTIN LEWANDOWSKI | C15: 618 | D15: M | E15: 8 | F15: 0.25208333 | G15: 0.25277778 | H15: 5 | I15: 0.29236111 | J15: 0.29305556 | K15: 4 | L15: 0.34375 | M15: 0.34513889 | N15: 4 | O15: 0.41111111 | P15: 0.41319444 | Q15: 4 | R15: 0.46319444 | S15: 0.46527778 | T15: 3 | U15: 0.51180556 | V15: 0.51319444 | W15: 3 | X15: 0.55 | Y15: 0.55208333 | Z15: 3 | AB15: 0.63055556 | AC15: 3 | AD15: 0.675 | AE15: 0.67847222 | AF15: 3 | AG15: 0.75486111 | AH15: 0.76319444 | AI15: 3 | AJ15: 0.82083333 | AK15: 0.82430556 | AL15: 3 | AM15: 0.90069444 | AN15: 0.90694444 | AO15: 4 | AP15: 0.95833333 | AQ15: 0.96527778 | AR15: 7 | AS15: 0.0375 | AT15: 0.05 | AU15: 11 | AV15: 0.17430556 | AW15: 0.17708333 | AX15: 14 | AY15: 0.26180556 | AZ15: 0.26527778 | BA15: 14 | BB15: 44787.319
B16: ANDREW FOERSTER | C16: 561 | D16: M | E16: 36 | F16: 0.26041667 | G16: 0.26180556 | K16: 38 | L16: 0.37152778 | M16: 0.37708333 | N16: 32 | O16: 0.44583333 | P16: 0.44722222 | Q16: 31 | R16: 0.50347222 | S16: 0.50486111 | T16: 29 | U16: 0.56388889 | V16: 0.56597222 | W16: 31 | X16: 0.60625 | Y16: 0.61041667 | Z16: 21 | AB16: 0.69583333 | AC16: 23 | AD16: 0.74930556 | AE16: 0.75208333 | AF16: 18 | AG16: 0.82916667 | AH16: 0.83888889 | AI16: 19 | AJ16: 0.89861111 | AK16: 0.90069444 | AL16: 17 | AM16: 0.97708333 | AN16: 0.98055556 | AO16: 15 | AP16: 0.027777778 | AQ16: 0.031944444 | AR16: 16 | AS16: 0.097916667 | AT16: 0.10625 | AU16: 15 | AV16: 0.19444444 | AW16: 0.19583333 | AX16: 15 | AY16: 0.26527778 | AZ16: 0.26666667 | BA16: 15 | BB16: 44787.32
B17: STEVE CAMPBELL | C17: 529 | D17: M | E17: 71 | F17: 0.26388889 | G17: 0.26458333 | H17: 65 | I17: 0.31875 | J17: 0.31875 | K17: 58 | L17: 0.37916667 | M17: 0.38125 | N17: 39 | O17: 0.45 | P17: 0.45069444 | Q17: 38 | R17: 0.50972222 | S17: 0.51111111 | T17: 31 | U17: 0.56527778 | V17: 0.56666667 | W17: 29 | X17: 0.60277778 | Y17: 0.60625 | Z17: 20 | AB17: 0.69513889 | AC17: 18 | AD17: 0.74444444 | AE17: 0.74583333 | AF17: 15 | AG17: 0.82291667 | AH17: 0.82638889 | AI17: 14 | AJ17: 0.88541667 | AK17: 0.88680556 | AL17: 15 | AM17: 0.96875 | AN17: 0.97222222 | AO17: 14 | AP17: 0.024305556 | AQ17: 0.027083333 | AR17: 14 | AS17: 0.095138889 | AT17: 0.097916667 | AU17: 16 | AV17: 0.19930556 | AW17: 0.20138889 | AX17: 16 | AY17: 0.27777778 | AZ17: 0.27847222 | BA17: 16 | BB17: 44787.324
B18: BARRY MAIN | C18: 629 | D18: M | E18: 29 | F18: 0.25972222 | G18: 0.26041667 | H18: 27 | I18: 0.30694444 | J18: 0.30694444 | K18: 19 | L18: 0.3625 | M18: 0.36527778 | N18: 17 | O18: 0.43472222 | P18: 0.43680556 | Q18: 17 | R18: 0.49305556 | S18: 0.49652778 | T18: 18 | U18: 0.55069444 | V18: 0.55416667 | W18: 15 | X18: 0.59027778 | Y18: 0.59583333 | Z18: 18 | AB18: 0.69166667 | AC18: 20 | AD18: 0.74652778 | AE18: 0.75069444 | AF18: 17 | AG18: 0.82708333 | AH18: 0.83888889 | AI18: 18 | AJ18: 0.89861111 | AK18: 0.89861111 | AL18: 19 | AM18: 0.98263889 | AN18: 0.98819444 | AO18: 18 | AP18: 0.0375 | AQ18: 0.047222222 | AR18: 17 | AS18: 0.10833333 | AT18: 0.11458333 | AU18: 17 | AV18: 0.20972222 | AW18: 0.21736111 | AX18: 17 | AY18: 0.28611111 | AZ18: 0.28611111 | BA18: 17 | BB18: 44787.325
B19: MICHAEL OBARA | C19: 655 | D19: M | E19: 54 | F19: 0.26319444 | G19: 0.26388889 | H19: 43 | I19: 0.31388889 | J19: 0.31388889 | K19: 40 | L19: 0.37152778 | M19: 0.37569444 | N19: 31 | O19: 0.44583333 | P19: 0.44722222 | Q19: 27 | R19: 0.50208333 | S19: 0.50416667 | T19: 27 | U19: 0.56041667 | V19: 0.5625 | W19: 26 | X19: 0.60208333 | Y19: 0.60972222 | Z19: 26 | AB19: 0.69930556 | AC19: 22 | AD19: 0.74861111 | AE19: 0.75347222 | AF19: 21 | AG19: 0.83055556 | AH19: 0.84375 | AI19: 21 | AJ19: 0.90208333 | AK19: 0.90486111 | AL19: 20 | AM19: 0.99027778 | AN19: 0.99305556 | AO19: 19 | AP19: 0.049305556 | AQ19: 0.059722222 | AR19: 19 | AS19: 0.12361111 | AT19: 0.12777778 | AU19: 19 | AV19: 0.23194444 | AW19: 0.23819444 | AX19: 18 | AY19: 0.30625 | AZ19: 0.30625 | BA19: 18 | BB19: 44787.355
B20: SCOTT GLEASON | C20: 567 | D20: M | E20: 4 | F20: 0.25138889 | G20: 0.25208333 | K20: 5 | L20: 0.34375 | M20: 0.34513889 | N20: 12 | O20: 0.42430556 | P20: 0.42569444 | Q20: 18 | R20: 0.49444444 | S20: 0.49722222 | T20: 17 | U20: 0.55 | V20: 0.55208333 | W20: 21 | X20: 0.59652778 | Y20: 0.60277778 | Z20: 36 | AB20: 0.71597222 | AC20: 38 | AD20: 0.78125 | AE20: 0.78333333 | AF20: 41 | AG20: 0.87777778 | AH20: 0.88125 | AI20: 33 | AJ20: 0.94097222 | AK20: 0.94305556 | AL20: 29 | AM20: 0.03125 | AN20: 0.034722222 | AO20: 25 | AP20: 0.086111111 | AQ20: 0.090972222 | AR20: 24 | AS20: 0.15138889 | AT20: 0.15416667 | AU20: 21 | AV20: 0.24444444 | AW20: 0.24722222 | AX20: 19 | AY20: 0.31319444 | AZ20: 0.31388889 | BA20: 19 | BB20: 44787.358
B21: ADRIAN SPENCER | C21: 702 | D21: M | E21: 27 | F21: 0.25972222 | G21: 0.26041667 | H21: 23 | I21: 0.30625 | J21: 0.30625 | K21: 23 | L21: 0.36388889 | M21: 0.36736111 | N21: 20 | O21: 0.43541667 | P21: 0.4375 | Q21: 15 | R21: 0.49166667 | S21: 0.49513889 | T21: 15 | U21: 0.54861111 | V21: 0.55138889 | W21: 17 | X21: 0.59097222 | Y21: 0.60277778 | Z21: 16 | AB21: 0.69027778 | AC21: 15 | AD21: 0.74027778 | AE21: 0.74305556 | AF21: 11 | AG21: 0.81527778 | AH21: 0.81875 | AI21: 11 | AJ21: 0.875 | AK21: 0.875 | AL21: 11 | AM21: 0.96180556 | AN21: 0.96527778 | AO21: 16 | AP21: 0.029166667 | AQ21: 0.049305556 | AR21: 18 | AS21: 0.12083333 | AT21: 0.12430556 | AU21: 18 | AV21: 0.23125 | AW21: 0.23611111 | AX21: 20 | AY21: 0.31944444 | AZ21: 0.31944444 | BA21: 20 | BB21: 44787.363
B22: CHAD KAMPHUIS | C22: 591 | D22: M | E22: 169 | F22: 0.27430556 | G22: 0.275 | H22: 143 | I22: 0.33680556 | J22: 0.33680556 | K22: 110 | L22: 0.4 | M22: 0.40972222 | N22: 94 | O22: 0.48472222 | P22: 0.48611111 | Q22: 79 | R22: 0.54722222 | S22: 0.55 | T22: 67 | U22: 0.60694444 | V22: 0.60833333 | W22: 63 | X22: 0.64722222 | Y22: 0.65486111 | Z22: 52 | AB22: 0.74513889 | AC22: 48 | AD22: 0.79583333 | AE22: 0.79791667 | AF22: 37 | AG22: 0.87152778 | AH22: 0.87708333 | AI22: 31 | AJ22: 0.93958333 | AK22: 0.94236111 | AL22: 30 | AM22: 0.034722222 | AN22: 0.038194444 | AO22: 26 | AP22: 0.086111111 | AQ22: 0.093055556 | AR22: 26 | AS22: 0.15902778 | AT22: 0.16666667 | AU22: 24 | AV22: 0.25972222 | AW22: 0.26458333 | AX22: 22 | AY22: 0.32708333 | AZ22: 0.32777778 | BA22: 21 | BB22: 44787.372
B23: NICOLE WERNER | C23: 728 | D23: F | E23: 60 | F23: 0.26319444 | G23: 0.26388889 | H23: 77 | I23: 0.32083333 | J23: 0.32083333 | K23: 34 | L23: 0.37083333 | M23: 0.37361111 | N23: 37 | O23: 0.44722222 | P23: 0.44861111 | Q23: 37 | R23: 0.50833333 | S23: 0.51041667 | T23: 33 | U23: 0.56597222 | V23: 0.56666667 | W23: 30 | X23: 0.60555556 | Y23: 0.61041667 | Z23: 29 | AB23: 0.70347222 | AC23: 27 | AD23: 0.75694444 | AE23: 0.76111111 | AF23: 27 | AG23: 0.84236111 | AH23: 0.84791667 | AI23: 25 | AJ23: 0.90902778 | AK23: 0.9125 | AL23: 23 | AM23: 0.99791667 | AN23: 0.0013888889 | AO23: 20 | AP23: 0.056944444 | AQ23: 0.072222222 | AR23: 21 | AS23: 0.13541667 | AT23: 0.13958333 | AU23: 20 | AV23: 0.24027778 | AW23: 0.24791667 | AX23: 21 | AY23: 0.32222222 | AZ23: 0.32361111 | BA23: 22 | BB23: 44787.374
B24: KEITH NADEAU | C24: 650 | D24: M | E24: 28 | F24: 0.25972222 | G24: 0.26041667 | H24: 36 | I24: 0.31180556 | J24: 0.31180556 | K24: 31 | L24: 0.36875 | M24: 0.37013889 | N24: 24 | O24: 0.44027778 | P24: 0.44097222 | Q24: 24 | R24: 0.49861111 | S24: 0.5 | T24: 19 | U24: 0.55208333 | V24: 0.55347222 | W24: 18 | X24: 0.59097222 | Y24: 0.59375 | Z24: 15 | AB24: 0.68611111 | AC24: 17 | AD24: 0.74305556 | AE24: 0.74583333 | AF24: 22 | AG24: 0.83055556 | AH24: 0.84236111 | AI24: 22 | AJ24: 0.90486111 | AK24: 0.90763889 | AL24: 21 | AM24: 0.99652778 | AN24: 0.99861111 | AO24: 21 | AP24: 0.059722222 | AQ24: 0.065972222 | AR24: 22 | AS24: 0.13819444 | AT24: 0.14513889 | AU24: 25 | AV24: 0.26041667 | AW24: 0.2625 | AX24: 24 | AY24: 0.3375 | AZ24: 0.3375 | BA24: 23 | BB24: 44787.38
B25: NICHOLAS MITCHELL | C25: 644 | D25: M | E25: 13 | F25: 0.25416667 | G25: 0.25486111 | H25: 13 | I25: 0.30138889 | J25: 0.30138889 | K25: 16 | L25: 0.35902778 | M25: 0.3625 | N25: 23 | O25: 0.43680556 | P25: 0.43819444 | Q25: 22 | R25: 0.49722222 | S25: 0.5 | T25: 23 | U25: 0.55694444 | V25: 0.56041667 | W25: 25 | X25: 0.60069444 | Y25: 0.60833333 | Z25: 24 | AB25: 0.69861111 | AC25: 26 | AD25: 0.75208333 | AE25: 0.75416667 | AF25: 26 | AG25: 0.83125 | AH25: 0.84305556 | AI25: 24 | AJ25: 0.90763889 | AK25: 0.9125 | AL25: 24 | AM25: 0 | AN25: 0.0027777778 | AO25: 22 | AP25: 0.061805556 | AQ25: 0.069444444 | AR25: 20 | AS25: 0.13333333 | AT25: 0.13680556 | AU25: 22 | AV25: 0.25 | AW25: 0.25347222 | AX25: 23 | AY25: 0.33611111 | AZ25: 0.33819444 | BA25: 24 | BB25: 44787.396
B26: DAVID LARSON | C26: 611 | D26: M | E26: 49 | F26: 0.26111111 | G26: 0.26180556 | H26: 50 | I26: 0.31388889 | J26: 0.31388889 | K26: 44 | L26: 0.37361111 | M26: 0.37847222 | N26: 41 | O26: 0.45 | P26: 0.45277778 | Q26: 41 | R26: 0.5125 | S26: 0.51527778 | T26: 38 | U26: 0.57013889 | V26: 0.57083333 | W26: 32 | X26: 0.60694444 | Y26: 0.61736111 | Z26: 33 | AB26: 0.71388889 | AC26: 34 | AD26: 0.77013889 | AE26: 0.77291667 | AF26: 34 | AG26: 0.86111111 | AH26: 0.87569444 | AI26: 37 | AJ26: 0.94652778 | AK26: 0.95 | AL26: 37 | AM26: 0.047222222 | AN26: 0.052777778 | AO26: 31 | AP26: 0.10763889 | AQ26: 0.12361111 | AR26: 33 | AS26: 0.19513889 | AT26: 0.19930556 | AU26: 31 | AV26: 0.29513889 | AW26: 0.29930556 | AX26: 26 | AY26: 0.35555556 | AZ26: 0.35555556 | BA26: 25 | BB26: 44787.398
B27: JIANHUI SHEN | C27: 692 | D27: M | E27: 45 | F27: 0.26111111 | G27: 0.26180556 | H27: 48 | I27: 0.31388889 | J27: 0.31388889 | K27: 53 | L27: 0.37638889 | M27: 0.38055556 | N27: 56 | O27: 0.46180556 | P27: 0.46527778 | Q27: 62 | R27: 0.53333333 | S27: 0.53541667 | T27: 62 | U27: 0.6 | V27: 0.60347222 | W27: 61 | X27: 0.64513889 | Y27: 0.65416667 | Z27: 59 | AB27: 0.75694444 | AC27: 57 | AD27: 0.8125 | AE27: 0.81527778 | AF27: 48 | AG27: 0.89513889 | AH27: 0.90763889 | AI27: 42 | AJ27: 0.97152778 | AK27: 0.97777778 | AL27: 38 | AM27: 0.059027778 | AN27: 0.065277778 | AO27: 34 | AP27: 0.11527778 | AQ27: 0.11875 | AR27: 30 | AS27: 0.18888889 | AT27: 0.19444444 | AU27: 28 | AV27: 0.29166667 | AW27: 0.29444444 | AX27: 27 | AY27: 0.35625 | AZ27: 0.35625 | BA27: 26 | BB27: 44787.398
B28: DAVID PEPPELMAN | C28: 662 | D28: M | E28: 53 | F28: 0.26319444 | G28: 0.26388889 | H28: 187 | I28: 0.35277778 | J28: 0.35277778 | K28: 46 | L28: 0.375 | M28: 0.37847222 | N28: 43 | O28: 0.45277778 | P28: 0.45486111 | Q28: 43 | R28: 0.5125 | S28: 0.51527778 | T28: 41 | U28: 0.57083333 | V28: 0.57291667 | W28: 35 | X28: 0.61111111 | Y28: 0.61666667 | Z28: 31 | AB28: 0.71111111 | AC28: 30 | AD28: 0.76666667 | AE28: 0.76944444 | AF28: 29 | AG28: 0.84930556 | AH28: 0.85625 | AI28: 28 | AJ28: 0.92916667 | AK28: 0.93194444 | AL28: 26 | AM28: 0.021527778 | AN28: 0.025 | AO28: 24 | AP28: 0.078472222 | AQ28: 0.088194444 | AR28: 25 | AS28: 0.15416667 | AT28: 0.15694444 | AU28: 23 | AV28: 0.25972222 | AW28: 0.26041667 | AX28: 25 | AY28: 0.34513889 | AZ28: 0.34652778 | BA28: 27 | BB28: 44787.408
B29: BILL TRYON | C29: 715 | D29: M | K29: 48 | L29: 0.375 | M29: 0.37916667 | N29: 44 | O29: 0.45277778 | P29: 0.45486111 | Q29: 44 | R29: 0.5125 | S29: 0.51527778 | T29: 42 | U29: 0.57152778 | V29: 0.57291667 | W29: 39 | X29: 0.61180556 | Y29: 0.61944444 | Z29: 34 | AB29: 0.71388889 | AC29: 33 | AD29: 0.77013889 | AE29: 0.77291667 | AF29: 33 | AG29: 0.86041667 | AH29: 0.87222222 | AI29: 32 | AJ29: 0.93958333 | AK29: 0.94236111 | AL29: 32 | AM29: 0.035416667 | AN29: 0.038194444 | AO29: 29 | AP29: 0.099305556 | AQ29: 0.11597222 | AR29: 29 | AS29: 0.18680556 | AT29: 0.19166667 | AU29: 29 | AV29: 0.29305556 | AW29: 0.29722222 | AX29: 29 | AY29: 0.36527778 | AZ29: 0.36597222 | BA29: 28 | BB29: 44787.412
B30: PERRIN SMITH | C30: 697 | D30: M | E30: 34 | F30: 0.25972222 | G30: 0.26041667 | H30: 28 | I30: 0.30694444 | J30: 0.30694444 | K30: 21 | L30: 0.36319444 | M30: 0.36388889 | N30: 15 | O30: 0.42986111 | P30: 0.43263889 | Q30: 13 | R30: 0.48680556 | S30: 0.48888889 | T30: 14 | U30: 0.54444444 | V30: 0.54722222 | W30: 14 | X30: 0.5875 | Y30: 0.59513889 | Z30: 14 | AB30: 0.68541667 | AC30: 16 | AD30: 0.74305556 | AE30: 0.74583333 | AF30: 24 | AG30: 0.83055556 | AH30: 0.84097222 | AI30: 23 | AJ30: 0.90555556 | AK30: 0.90902778 | AL30: 22 | AM30: 0.99652778 | AN30: 0.0027777778 | AO30: 23 | AP30: 0.070138889 | AQ30: 0.075 | AR30: 23 | AS30: 0.14722222 | AT30: 0.15208333 | AU30: 26 | AV30: 0.26805556 | AW30: 0.27986111 | AX30: 28 | AY30: 0.36180556 | AZ30: 0.35694444 | BA30: 29 | BB30: 44787.417
B31: THOMAS CAMENISCH | C31: 527 | D31: M | E31: 23 | F31: 0.25763889 | G31: 0.25833333 | H31: 20 | I31: 0.30625 | J31: 0.30625 | K31: 18 | L31: 0.3625 | M31: 0.36388889 | N31: 18 | O31: 0.43472222 | P31: 0.43611111 | Q31: 19 | R31: 0.49444444 | S31: 0.49583333 | T31: 21 | U31: 0.55416667 | V31: 0.55763889 | W31: 22 | X31: 0.59930556 | Y31: 0.61111111 | Z31: 30 | AB31: 0.70416667 | AC31: 31 | AD31: 0.76805556 | AE31: 0.77152778 | AF31: 32 | AG31: 0.85972222 | AH31: 0.87708333 | AI31: 35 | AJ31: 0.94513889 | AK31: 0.94861111 | AL31: 35 | AM31: 0.041666667 | AN31: 0.046527778 | AO31: 33 | AP31: 0.11111111 | AQ31: 0.12152778 | AR31: 32 | AS31: 0.19513889 | AT31: 0.20069444 | AU31: 35 | AV31: 0.31180556 | AW31: 0.31527778 | AX31: 33 | AY31: 0.38263889 | AZ31: 0.38263889 | BA31: 30 | BB31: 44787.419
B32: JILL DENNES | C32: 550 | D32: F | E32: 76 | F32: 0.26597222 | G32: 0.26666667 | K32: 82 | L32: 0.38819444 | M32: 0.39652778 | N32: 81 | O32: 0.47847222 | P32: 0.48055556 | Q32: 76 | R32: 0.54513889 | S32: 0.55416667 | T32: 78 | U32: 0.61666667 | V32: 0.61944444 | W32: 70 | X32: 0.6625 | Y32: 0.67083333 | Z32: 65 | AB32: 0.77013889 | AC32: 62 | AD32: 0.82222222 | AE32: 0.82361111 | AF32: 56 | AG32: 0.91388889 | AH32: 0.925 | AI32: 51 | AJ32: 0.99791667 | AK32: 0.0034722222 | AL32: 53 | AM32: 0.10555556 | AN32: 0.10763889 | AO32: 42 | AP32: 0.15416667 | AQ32: 0.16041667 | AR32: 45 | AS32: 0.23958333 | AT32: 0.24583333 | AU32: 41 | AV32: 0.32777778 | AW32: 0.32777778 | AX32: 32 | AY32: 0.38263889 | AZ32: 0.38263889 | BA32: 31 | BB32: 44787.423
B33: RYAN WILLIAMS | C33: 729 | D33: M | E33: 67 | F33: 0.26388889 | G33: 0.26458333 | H33: 71 | I33: 0.32083333 | J33: 0.32083333 | K33: 63 | L33: 0.38402778 | M33: 0.38611111 | N33: 62 | O33: 0.46527778 | P33: 0.46666667 | Q33: 59 | R33: 0.52916667 | S33: 0.53055556 | T33: 53 | U33: 0.58819444 | V33: 0.58958333 | W33: 48 | X33: 0.62916667 | Y33: 0.63125 | Z33: 45 | AB33: 0.73194444 | AC33: 45 | AD33: 0.79027778 | AE33: 0.79236111 | AF33: 39 | AG33: 0.87708333 | AH33: 0.88333333 | AI33: 39 | AJ33: 0.95763889 | AK33: 0.96180556 | AL33: 39 | AM33: 0.0625 | AN33: 0.065972222 | AO33: 35 | AP33: 0.12152778 | AQ33: 0.12777778 | AR33: 34 | AS33: 0.19722222 | AT33: 0.20069444 | AU33: 30 | AV33: 0.29305556 | AW33: 0.29722222 | AX33: 31 | AY33: 0.37708333 | AZ33: 0.37986111 | BA33: 32 | BB33: 44787.429
B34: RUFUS CHAFFEE | C34: 530 | D34: M | E34: 46 | F34: 0.26111111 | G34: 0.26180556 | H34: 40 | I34: 0.31319444 | J34: 0.31319444 | K34: 57 | L34: 0.37847222 | M34: 0.38055556 | N34: 49 | O34: 0.45694444 | P34: 0.45902778 | Q34: 49 | R34: 0.52083333 | S34: 0.52291667 | T34: 51 | U34: 0.5875 | V34: 0.58888889 | W34: 49 | X34: 0.63055556 | Y34: 0.63402778 | Z34: 48 | AB34: 0.73888889 | AC34: 49 | AD34: 0.8 | AE34: 0.80208333 | AF34: 50 | AG34: 0.90138889 | AH34: 0.91805556 | AI34: 47 | AJ34: 0.99097222 | AK34: 0.99305556 | AL34: 41 | AM34: 0.074305556 | AN34: 0.075694444 | AO34: 38 | AP34: 0.13472222 | AQ34: 0.14305556 | AR34: 37 | AS34: 0.2125 | AT34: 0.21736111 | AU34: 34 | AV34: 0.31041667 | AW34: 0.31180556 | AX34: 34 | AY34: 0.38263889 | AZ34: 0.38333333 | BA34: 33 | BB34: 44787.431
B35: PHILIP SAMOTUS | C35: 686 | D35: M | E35: 43 | F35: 0.26041667 | G35: 0.26180556 | H35: 49 | I35: 0.31388889 | J35: 0.31388889 | K35: 55 | L35: 0.37708333 | M35: 0.37986111 | N35: 51 | O35: 0.45902778 | P35: 0.46041667 | Q35: 53 | R35: 0.52291667 | S35: 0.52569444 | T35: 55 | U35: 0.58888889 | V35: 0.59097222 | W35: 53 | X35: 0.63333333 | Y35: 0.63611111 | Z35: 44 | AB35: 0.72847222 | AC35: 42 | AD35: 0.78541667 | AE35: 0.7875 | AF35: 38 | AG35: 0.87152778 | AH35: 0.87569444 | AI35: 34 | AJ35: 0.94166667 | AK35: 0.94513889 | AL35: 28 | AM35: 0.03125 | AN35: 0.032638889 | AO35: 27 | AP35: 0.088888889 | AQ35: 0.092361111 | AR35: 27 | AS35: 0.16319444 | AT35: 0.16597222 | AU35: 27 | AV35: 0.27638889 | AW35: 0.27986111 | AX35: 30 | AY35: 0.36805556 | AZ35: 0.36180556 | BA35: 34 | BB35: 44787.438
B36: JOSHUA ROLLINS | C36: 684 | D36: M | E36: 121 | F36: 0.27013889 | G36: 0.27083333 | H36: 102 | I36: 0.32569444 | J36: 0.32569444 | K36: 66 | L36: 0.38541667 | M36: 0.3875 | N36: 53 | O36: 0.45972222 | P36: 0.46111111 | Q36: 47 | R36: 0.51805556 | S36: 0.52361111 | T36: 47 | U36: 0.58263889 | V36: 0.58541667 | W36: 46 | X36: 0.62361111 | Y36: 0.6375 | Z36: 42 | AB36: 0.72638889 | AC36: 36 | AD36: 0.77569444 | AE36: 0.78125 | AF36: 35 | AG36: 0.86458333 | AH36: 0.88333333 | AI36: 36 | AJ36: 0.94513889 | AK36: 0.94930556 | AL36: 31 | AM36: 0.034722222 | AN36: 0.038888889 | AO36: 28 | AP36: 0.097222222 | AQ36: 0.11805556 | AR36: 28 | AS36: 0.18055556 | AT36: 0.1875 | AU36: 32 | AV36: 0.29791667 | AW36: 0.30277778 | AX36: 35 | AY36: 0.38611111 | AZ36: 0.38611111 | BA36: 35 | BB36: 44787.44
B37: NORB BAIER | C37: 507 | D37: M | E37: 44 | F37: 0.26111111 | G37: 0.26180556 | H37: 32 | I37: 0.30763889 | J37: 0.30763889 | K37: 41 | L37: 0.37152778 | M37: 0.37847222 | N37: 52 | O37: 0.45972222 | P37: 0.46111111 | Q37: 50 | R37: 0.52152778 | S37: 0.525 | T37: 49 | U37: 0.58541667 | V37: 0.58819444 | W37: 47 | X37: 0.62777778 | Y37: 0.63263889 | Z37: 46 | AB37: 0.73333333 | AC37: 46 | AD37: 0.79375 | AE37: 0.8 | AF37: 45 | AG37: 0.88958333 | AH37: 0.90069444 | AI37: 41 | AJ37: 0.97083333 | AK37: 0.97777778 | AL37: 40 | AM37: 0.072916667 | AN37: 0.080555556 | AO37: 36 | AP37: 0.12986111 | AQ37: 0.14305556 | AR37: 36 | AS37: 0.21180556 | AT37: 0.21527778 | AU37: 36 | AV37: 0.31388889 | AW37: 0.31944444 | AX37: 36 | AY37: 0.39444444 | AZ37: 0.39652778 | BA37: 36 | BB37: 44787.441
B38: BOB BAUER | C38: 511 | D38: M | E38: 37 | F38: 0.26041667 | G38: 0.26180556 | H38: 22 | I38: 0.30625 | J38: 0.30625 | K38: 27 | L38: 0.36597222 | M38: 0.37013889 | N38: 36 | O38: 0.44652778 | P38: 0.44791667 | Q38: 45 | R38: 0.51319444 | S38: 0.51527778 | T38: 46 | U38: 0.57986111 | V38: 0.58125 | W38: 45 | X38: 0.62222222 | Y38: 0.63194444 | Z38: 50 | AB38: 0.74375 | AC38: 50 | AD38: 0.80277778 | AE38: 0.80763889 | AF38: 46 | AG38: 0.89166667 | AH38: 0.91111111 | AI38: 43 | AJ38: 0.98055556 | AK38: 0.98680556 | AL38: 42 | AM38: 0.076388889 | AN38: 0.080555556 | AO38: 37 | AP38: 0.13333333 | AQ38: 0.15138889 | AR38: 38 | AS38: 0.21458333 | AT38: 0.22152778 | AU38: 37 | AV38: 0.31666667 | AW38: 0.32638889 | AX38: 38 | AY38: 0.39791667 | AZ38: 0.39930556 | BA38: 37 | BB38: 44787.442
B39: ROBERT MITCHELL | C39: 645 | D39: M | E39: 56 | F39: 0.26319444 | G39: 0.26388889 | H39: 72 | I39: 0.32083333 | J39: 0.32083333 | K39: 72 | L39: 0.38680556 | M39: 0.38958333 | N39: 61 | O39: 0.46458333 | P39: 0.46597222 | Q39: 54 | R39: 0.525 | S39: 0.52777778 | T39: 50 | U39: 0.5875 | V39: 0.59027778 | W39: 52 | X39: 0.63125 | Y39: 0.64166667 | Z39: 47 | AB39: 0.73402778 | AC39: 44 | AD39: 0.79027778 | AE39: 0.79375 | AF39: 40 | AG39: 0.87708333 | AH39: 0.88958333 | AI39: 38 | AJ39: 0.94930556 | AK39: 0.95694444 | AL39: 36 | AM39: 0.045138889 | AN39: 0.050694444 | AO39: 32 | AP39: 0.10902778 | AQ39: 0.13333333 | AR39: 35 | AS39: 0.2 | AT39: 0.20763889 | AU39: 33 | AV39: 0.30763889 | AW39: 0.32222222 | AX39: 37 | AY39: 0.39583333 | AZ39: 0.39791667 | BA39: 38 | BB39: 44787.444
B40: DEREK BREITENSTINE | C40: 523 | D40: M | E40: 114 | F40: 0.26944444 | G40: 0.27013889 | H40: 100 | I40: 0.32569444 | J40: 0.32569444 | K40: 81 | L40: 0.38819444 | M40: 0.39375 | N40: 70 | O40: 0.47222222 | P40: 0.47361111 | Q40: 61 | R40: 0.51875 | S40: 0.53680556 | T40: 58 | U40: 0.59583333 | V40: 0.6 | W40: 55 | X40: 0.64097222 | Y40: 0.65555556 | Z40: 57 | AB40: 0.75625 | AC40: 55 | AD40: 0.8125 | AE40: 0.82083333 | AF40: 51 | AG40: 0.90763889 | AH40: 0.91875 | AI40: 49 | AJ40: 0.99305556 | AK40: 0.99930556 | AL40: 48 | AM40: 0.097916667 | AN40: 0.10694444 | AO40: 43 | AP40: 0.15416667 | AQ40: 0.16736111 | AR40: 41 | AS40: 0.22986111 | AT40: 0.23680556 | AU40: 40 | AV40: 0.32777778 | AW40: 0.33541667 | AX40: 39 | AY40: 0.40277778 | AZ40: 0.40347222 | BA40: 39 | BB40: 44787.447
B41: CRAIG MILLER | C41: 642 | D41: M | E41: 39 | F41: 0.26041667 | G41: 0.26180556 | H41: 37 | I41: 0.31180556 | J41: 0.31180556 | K41: 45 | L41: 0.37430556 | M41: 0.37638889 | N41: 50 | O41: 0.45902778 | P41: 0.46041667 | Q41: 52 | R41: 0.52291667 | S41: 0.525 | T41: 54 | U41: 0.58819444 | V41: 0.58958333 | W41: 54 | X41: 0.63333333 | Y41: 0.63819444 | Z41: 54 | AB41: 0.75138889 | AC41: 58 | AD41: 0.81527778 | AE41: 0.82152778 | AF41: 58 | AG41: 0.91666667 | AH41: 0.93055556 | AI41: 53 | AJ41: 1 | AK41: 0.0076388889 | AL41: 46 | AM41: 0.096527778 | AN41: 0.10555556 | AO41: 44 | AP41: 0.15555556 | AQ41: 0.16805556 | AR41: 44 | AS41: 0.23958333 | AT41: 0.24722222 | AU41: 43 | AV41: 0.33819444 | AW41: 0.34375 | AX41: 43 | AY41: 0.41180556 | AZ41: 0.41180556 | BA41: 40 | BB41: 44787.451
B42: JASON BRANHAM | C42: 522 | D42: M | E42: 87 | F42: 0.26666667 | G42: 0.26736111 | H42: 90 | I42: 0.32430556 | J42: 0.32430556 | K42: 94 | L42: 0.39375 | M42: 0.39652778 | N42: 87 | O42: 0.48263889 | P42: 0.48541667 | Q42: 88 | R42: 0.55625 | S42: 0.55833333 | T42: 95 | U42: 0.62986111 | V42: 0.63263889 | W42: 92 | X42: 0.68055556 | Y42: 0.68611111 | Z42: 81 | AB42: 0.78958333 | AC42: 80 | AD42: 0.85347222 | AE42: 0.85694444 | AF42: 74 | AG42: 0.94861111 | AH42: 0.95486111 | AI42: 66 | AJ42: 0.022222222 | AK42: 0.025 | AL42: 57 | AM42: 0.11388889 | AN42: 0.12013889 | AO42: 54 | AP42: 0.17847222 | AQ42: 0.18402778 | AR42: 46 | AS42: 0.24444444 | AT42: 0.24652778 | AU42: 42 | AV42: 0.3375 | AW42: 0.34027778 | AX42: 40 | AY42: 0.40763889 | AZ42: 0.40902778 | BA42: 41 | BB42: 44787.452
B43: TAMMY RACHAU | C43: 675 | D43: F | E43: 94 | F43: 0.26736111 | G43: 0.26805556 | H43: 108 | I43: 0.32569444 | J43: 0.32569444 | K43: 88 | L43: 0.38958333 | M43: 0.39513889 | N43: 79 | O43: 0.47569444 | P43: 0.48055556 | Q43: 77 | R43: 0.54652778 | S43: 0.54791667 | T43: 65 | U43: 0.60625 | V43: 0.60763889 | W43: 64 | X43: 0.64930556 | Y43: 0.65763889 | Z43: 56 | AB43: 0.75347222 | AC43: 54 | AD43: 0.8125 | AE43: 0.81875 | AF43: 55 | AG43: 0.91111111 | AH43: 0.91875 | AI43: 46 | AJ43: 0.99097222 | AK43: 0.99166667 | AL43: 44 | AM43: 0.084027778 | AN43: 0.089583333 | AO43: 41 | AP43: 0.14375 | AQ43: 0.15277778 | AR43: 39 | AS43: 0.22291667 | AT43: 0.225 | AU43: 39 | AV43: 0.32777778 | AW43: 0.33472222 | AX43: 41 | AY43: 0.40763889 | AZ43: 0.40833333 | BA43: 42 | BB43: 44787.458
B44: KIP HOFFMAN | C44: 585 | D44: M | E44: 144 | F44: 0.27152778 | G44: 0.27222222 | H44: 141 | I44: 0.33611111 | J44: 0.33611111 | K44: 147 | L44: 0.4125 | M44: 0.41944444 | N44: 129 | O44: 0.50416667 | P44: 0.50763889 | Q44: 124 | R44: 0.57986111 | S44: 0.58263889 | T44: 114 | U44: 0.64791667 | V44: 0.65069444 | W44: 105 | X44: 0.69583333 | Y44: 0.7 | Z44: 89 | AB44: 0.79583333 | AC44: 84 | AD44: 0.85555556 | AE44: 0.85555556 | AF44: 80 | AG44: 0.95208333 | AH44: 0.95625 | AI44: 71 | AJ44: 0.029861111 | AK44: 0.03125 | AL44: 60 | AM44: 0.13194444 | AN44: 0.13541667 | AO44: 57 | AP44: 0.19305556 | AQ44: 0.19375 | AR44: 52 | AS44: 0.26319444 | AT44: 0.26597222 | AU44: 47 | AV44: 0.34791667 | AW44: 0.34930556 | AX44: 44 | AY44: 0.42013889 | AZ44: 0.42083333 | BA44: 43 | BB44: 44787.463
B45: GRANT MAUGHAN | C45: 637 | D45: M | E45: 73 | F45: 0.26458333 | G45: 0.26527778 | K45: 76 | L45: 0.38819444 | M45: 0.39097222 | N45: 72 | O45: 0.47361111 | P45: 0.47569444 | Q45: 81 | R45: 0.55 | S45: 0.55069444 | T45: 76 | U45: 0.61319444 | V45: 0.61458333 | W45: 68 | X45: 0.65972222 | Y45: 0.6625 | Z45: 64 | AB45: 0.76736111 | AC45: 65 | AD45: 0.83263889 | AE45: 0.84027778 | AF45: 68 | AG45: 0.93819444 | AH45: 0.94444444 | AI45: 58 | AJ45: 0.013194444 | AK45: 0.015277778 | AL45: 56 | AM45: 0.11111111 | AN45: 0.11388889 | AO45: 53 | AP45: 0.17430556 | AQ45: 0.17777778 | AR45: 47 | AS45: 0.24930556 | AT45: 0.25277778 | AU45: 48 | AV45: 0.35069444 | AW45: 0.35277778 | AX45: 46 | AY45: 0.42291667 | AZ45: 0.42361111 | BA45: 44 | BB45: 44787.468
B46: PHILIP PERKINS | C46: 663 | D46: M | E46: 74 | F46: 0.26458333 | G46: 0.26527778 | H46: 91 | I46: 0.32430556 | J46: 0.32430556 | K46: 95 | L46: 0.39513889 | M46: 0.39722222 | N46: 95 | O46: 0.48541667 | P46: 0.48680556 | Q46: 92 | R46: 0.55694444 | S46: 0.55763889 | T46: 87 | U46: 0.625 | V46: 0.62708333 | W46: 85 | X46: 0.67430556 | Y46: 0.67916667 | Z46: 71 | AB46: 0.77847222 | AC46: 66 | AD46: 0.83680556 | AE46: 0.83888889 | AF46: 65 | AG46: 0.93402778 | AH46: 0.93819444 | AI46: 55 | AJ46: 0.0090277778 | AK46: 0.011805556 | AL46: 51 | AM46: 0.10416667 | AN46: 0.10486111 | AO46: 47 | AP46: 0.16458333 | AQ46: 0.16875 | AR46: 43 | AS46: 0.23888889 | AT46: 0.24027778 | AU46: 45 | AV46: 0.34444444 | AW46: 0.34652778 | AX46: 45 | AY46: 0.42222222 | AZ46: 0.42291667 | BA46: 45 | BB46: 44787.473
B47: BRENDA FORTIN | C47: 562 | D47: F | E47: 42 | F47: 0.26041667 | G47: 0.26180556 | H47: 38 | I47: 0.31180556 | J47: 0.31180556 | K47: 49 | L47: 0.375 | M47: 0.38194444 | N47: 46 | O47: 0.45416667 | P47: 0.45555556 | Q47: 46 | R47: 0.51319444 | S47: 0.52013889 | T47: 45 | U47: 0.57847222 | V47: 0.58055556 | W47: 44 | X47: 0.62083333 | Y47: 0.62777778 | Z47: 40 | AB47: 0.725 | AC47: 41 | AD47: 0.78402778 | AE47: 0.78611111 | AF47: 36 | AG47: 0.86944444 | AH47: 0.87569444 | AI47: 30 | AJ47: 0.93888889 | AK47: 0.94166667 | AL47: 33 | AM47: 0.035416667 | AN47: 0.038194444 | AO47: 30 | AP47: 0.10555556 | AQ47: 0.12083333 | AR47: 31 | AS47: 0.19513889 | AT47: 0.19791667 | AU47: 38 | AV47: 0.31041667 | AW47: 0.32777778 | AX47: 42 | AY47: 0.40833333 | AZ47: 0.40972222 | BA47: 46 | BB47: 44787.478
B48: STEVE SZAKAL | C48: 709 | D48: M | E48: 78 | F48: 0.26597222 | G48: 0.26666667 | H48: 98 | I48: 0.37291667 | J48: 0.37291667 | K48: 80 | L48: 0.38819444 | M48: 0.39097222 | N48: 68 | O48: 0.47083333 | P48: 0.47430556 | Q48: 63 | R48: 0.5375 | S48: 0.54166667 | T48: 64 | U48: 0.60625 | V48: 0.60833333 | W48: 72 | X48: 0.66319444 | Y48: 0.67222222 | Z48: 73 | AB48: 0.77916667 | AC48: 69 | AD48: 0.83888889 | AE48: 0.84305556 | AF48: 62 | AG48: 0.93125 | AH48: 0.94027778 | AI48: 57 | AJ48: 0.011805556 | AK48: 0.01875 | AL48: 55 | AM48: 0.11041667 | AN48: 0.11597222 | AO48: 50 | AP48: 0.17222222 | AQ48: 0.18125 | AR48: 51 | AS48: 0.25486111 | AT48: 0.25902778 | AU48: 49 | AV48: 0.35277778 | AW48: 0.35833333 | AX48: 48 | AY48: 0.43055556 | AZ48: 0.43402778 | BA48: 47 | BB48: 44787.483
B49: AMANDA DEBEVC | C49: 546 | D49: F | E49: 100 | F49: 0.26805556 | G49: 0.26875 | K49: 84 | L49: 0.38819444 | M49: 0.39166667 | N49: 69 | O49: 0.47222222 | P49: 0.47569444 | Q49: 65 | R49: 0.53888889 | S49: 0.54097222 | T49: 66 | U49: 0.60625 | V49: 0.60833333 | W49: 71 | X49: 0.66319444 | Y49: 0.67083333 | Z49: 72 | AB49: 0.77916667 | AC49: 70 | AD49: 0.83888889 | AE49: 0.84305556 | AF49: 63 | AG49: 0.93125 | AH49: 0.94027778 | AI49: 56 | AJ49: 0.011805556 | AK49: 0.01875 | AL49: 54 | AM49: 0.11041667 | AN49: 0.11597222 | AO49: 51 | AP49: 0.17222222 | AQ49: 0.18125 | AR49: 50 | AS49: 0.25486111 | AT49: 0.25902778 | AU49: 50 | AV49: 0.35347222 | AW49: 0.35833333 | AX49: 49 | AY49: 0.43055556 | AZ49: 0.43402778 | BA49: 48 | BB49: 44787.483
B50: BRYAN TORO | C50: 713 | D50: M | E50: 17 | F50: 0.25763889 | G50: 0.25833333 | H50: 19 | I50: 0.30486111 | J50: 0.30486111 | K50: 20 | L50: 0.36319444 | M50: 0.36527778 | N50: 16 | O50: 0.43333333 | P50: 0.43680556 | Q50: 23 | R50: 0.49791667 | S50: 0.50208333 | T50: 43 | U50: 0.57291667 | V50: 0.57569444 | W50: 50 | X50: 0.63125 | Y50: 0.64652778 | Z50: 51 | AB50: 0.74513889 | AC50: 51 | AD50: 0.80625 | AE50: 0.81041667 | AF50: 47 | AG50: 0.89444444 | AH50: 0.91458333 | AI50: 44 | AJ50: 0.98333333 | AK50: 0.9875 | AL50: 43 | AM50: 0.077083333 | AN50: 0.080555556 | AO50: 40 | AP50: 0.14166667 | AQ50: 0.16111111 | AR50: 40 | AS50: 0.22986111 | AT50: 0.23333333 | AU50: 44 | AV50: 0.34305556 | AW50: 0.34652778 | AX50: 47 | AY50: 0.42847222 | AZ50: 0.42847222 | BA50: 49 | BB50: 44787.486
B51: JEREMY GARDNER | C51: 565 | D51: M | H51: 46 | I51: 0.31388889 | J51: 0.31388889 | K51: 12 | L51: 8::27 | M51: 0.35416667 | N51: 11 | O51: 0.42083333 | P51: 0.42291667 | Q51: 10 | R51: 0.475 | S51: 0.47777778 | T51: 9 | U51: 0.53055556 | V51: 0.53333333 | W51: 11 | X51: 0.57430556 | Y51: 0.58680556 | Z51: 23 | AB51: 0.69652778 | AC51: 25 | AD51: 0.75 | AE51: 0.75416667 | AF51: 25 | AG51: 0.83125 | AH51: 0.93333333 | AI51: 54 | AJ51: 0.0034722222 | AK51: 0.0076388889 | AL51: 52 | AM51: 0.10416667 | AN51: 0.10833333 | AO51: 48 | AP51: 0.16527778 | AQ51: 0.18333333 | AR51: 49 | AS51: 0.25347222 | AT51: 0.26319444 | AU51: 51 | AV51: 0.35625 | AW51: 0.36736111 | AX51: 52 | AY51: 0.44722222 | AZ51: 0.44861111 | BA51: 50 | BB51: 44787.496
B52: AARON WATKINS | C52: 722 | D52: M | E52: 64 | F52: 0.26319444 | G52: 0.26388889 | H52: 59 | I52: 0.31597222 | J52: 0.31597222 | K52: 71 | L52: 0.38611111 | M52: 0.39236111 | Q52: 78 | R52: 0.54513889 | S52: 0.55416667 | T52: 77 | U52: 0.61319444 | V52: 0.61805556 | W52: 73 | X52: 0.66388889 | Y52: 0.67430556 | Z52: 76 | AB52: 0.78125 | AC52: 71 | AD52: 0.83888889 | AE52: 0.84375 | AF52: 66 | AG52: 0.93541667 | AH52: 0.94722222 | AI52: 60 | AJ52: 0.014583333 | AK52: 0.020833333 | AL52: 58 | AM52: 0.11388889 | AN52: 0.11944444 | AO52: 52 | AP52: 0.17291667 | AQ52: 0.18263889 | AR52: 48 | AS52: 0.25069444 | AT52: 0.25902778 | AU52: 52 | AV52: 0.35763889 | AW52: 0.36666667 | AX52: 51 | AY52: 0.44375 | AZ52: 0.44791667 | BA52: 51 | BB52: 44787.496
B53: KENNETH HITE | C53: 583 | D53: M | E53: 98 | F53: 0.26805556 | G53: 0.26875 | H53: 93 | I53: 0.32430556 | J53: 0.32430556 | K53: 77 | L53: 0.38819444 | M53: 0.39027778 | N53: 67 | O53: 0.47083333 | P53: 0.47222222 | Q53: 64 | R53: 0.53819444 | S53: 0.53958333 | T53: 63 | U53: 0.60625 | V53: 0.60833333 | W53: 65 | X53: 0.65625 | Y53: 0.66041667 | Z53: 62 | AB53: 0.76180556 | AC53: 63 | AD53: 0.82222222 | AE53: 0.82638889 | AF53: 57 | AG53: 0.91527778 | AH53: 0.92708333 | AI53: 50 | AJ53: 0.99583333 | AK53: 0.99930556 | AL53: 47 | AM53: 0.097916667 | AN53: 0.099305556 | AO53: 46 | AP53: 0.16319444 | AQ53: 0.16597222 | AR53: 42 | AS53: 0.23263889 | AT53: 0.23472222 | AU53: 46 | AV53: 0.34444444 | AW53: 0.35277778 | AX53: 50 | AY53: 0.44236111 | AZ53: 0.44930556 | BA53: 52 | BB53: 44787.504
B54: NOLAN PERNIA | C54: 665 | D54: M | E54: 159 | F54: 0.27430556 | G54: 0.275 | K54: 169 | L54: 0.42222222 | M54: 0.42986111 | N54: 161 | O54: 0.52708333 | P54: 0.53125 | Q54: 162 | R54: 0.60625 | S54: 0.60972222 | T54: 151 | U54: 0.68125 | V54: 0.68472222 | W54: 151 | X54: 0.73958333 | Y54: 0.75625 | Z54: 141 | AB54: 0.86736111 | AC54: 145 | AD54: 0.94444444 | AE54: 0.95 | AF54: 141 | AG54: 0.06875 | AH54: 0.095138889 | AI54: 129 | AJ54: 0.15833333 | AK54: 0.16041667 | AL54: 118 | AM54: 0.25208333 | AN54: 0.25347222 | AO54: 109 | AP54: 0.30763889 | AQ54: 0.31527778 | AR54: 98 | AS54: 0.36666667 | AT54: 0.37083333 | AU54: 70 | AV54: 0.43958333 | AW54: 0.44166667 | AX54: 56 | AY54: 0.48958333 | AZ54: 0.49027778 | BA54: 53 | BB54: 44787.52
B55: CHRISTOPHER STAAB | C55: 703 | D55: M | E55: 18 | F55: 0.25763889 | G55: 0.25833333 | H55: 26 | I55: 0.30694444 | J55: 0.30694444 | K55: 29 | L55: 0.36666667 | M55: 0.37291667 | N55: 26 | O55: 0.44166667 | P55: 0.44305556 | Q55: 35 | R55: 0.50694444 | S55: 0.50833333 | T55: 36 | U55: 0.56805556 | V55: 0.56944444 | W55: 41 | X55: 0.61388889 | Y55: 0.61736111 | Z55: 37 | AB55: 0.72083333 | AC55: 39 | AD55: 0.78194444 | AE55: 0.78680556 | AF55: 49 | AG55: 0.89930556 | AH55: 0.94305556 | AI55: 64 | AJ55: 0.021527778 | AK55: 0.026388889 | AL55: 74 | AM55: 0.14722222 | AN55: 0.15486111 | AO55: 64 | AP55: 0.21458333 | AQ55: 0.22152778 | AR55: 63 | AS55: 0.29652778 | AT55: 0.30347222 | AU55: 58 | AV55: 0.40069444 | AW55: 0.40486111 | AX55: 53 | AY55: 0.475 | AZ55: 0.47638889 | BA55: 54 | BB55: 44787.523
B56: JOHN WAITE | C56: 719 | D56: M | E56: 86 | F56: 0.26666667 | G56: 0.26736111 | H56: 105 | I56: 0.32569444 | J56: 0.32569444 | K56: 99 | L56: 0.39652778 | M56: 0.40138889 | N56: 100 | O56: 0.48888889 | P56: 0.49305556 | Q56: 98 | R56: 0.56111111 | S56: 0.56458333 | T56: 93 | U56: 0.62847222 | V56: 0.63333333 | W56: 94 | X56: 0.68055556 | Y56: 0.69791667 | Z56: 87 | AB56: 0.79305556 | AC56: 78 | AD56: 0.85208333 | AE56: 0.85347222 | AF56: 82 | AG56: 0.95277778 | AH56: 0.96875 | AI56: 77 | AJ56: 0.039583333 | AK56: 0.043055556 | AL56: 70 | AM56: 0.14166667 | AN56: 0.14652778 | AO56: 63 | AP56: 0.2125 | AQ56: 0.22430556 | AR56: 61 | AS56: 0.29375 | AT56: 0.29861111 | AU56: 56 | AV56: 0.39861111 | AW56: 0.40347222 | AX56: 54 | AY56: 0.47916667 | AZ56: 0.48055556 | BA56: 55 | BB56: 44787.534
B57: JUSTIN DEMURIAS | C57: 549 | D57: M | E57: 106 | F57: 0.26944444 | G57: 0.27013889 | K57: 104 | L57: 0.39722222 | M57: 0.40208333 | N57: 96 | O57: 0.48541667 | P57: 0.48888889 | Q57: 87 | R57: 0.55486111 | S57: 0.55694444 | T57: 84 | U57: 0.62430556 | V57: 0.62708333 | W57: 90 | X57: 0.67986111 | Y57: 0.68680556 | Z57: 77 | AB57: 0.78194444 | AC57: 77 | AD57: 0.85138889 | AE57: 0.84513889 | AF57: 70 | AG57: 0.94166667 | AH57: 0.95486111 | AI57: 65 | AJ57: 0.021527778 | AK57: 0.024305556 | AL57: 59 | AM57: 0.12152778 | AN57: 0.12569444 | AO57: 56 | AP57: 0.19166667 | AQ57: 0.20208333 | AR57: 54 | AS57: 0.27083333 | AT57: 0.27638889 | AU57: 53 | AV57: 0.39513889 | AW57: 0.4 | AX57: 55 | AY57: 0.48055556 | AZ57: 0.48194444 | BA57: 56 | BB57: 44787.539
B58: BRIAN MOTT | C58: 647 | D58: M | E58: 112 | F58: 0.26944444 | G58: 0.27013889 | H58: 107 | I58: 0.32569444 | J58: 0.32569444 | K58: 93 | L58: 0.39375 | M58: 0.39861111 | N58: 89 | O58: 0.48402778 | P58: 0.4875 | Q58: 93 | R58: 0.55694444 | S58: 0.55972222 | T58: 89 | U58: 0.625 | V58: 0.62916667 | W58: 83 | X58: 0.67430556 | Y58: 0.68958333 | Z58: 92 | AB58: 0.79722222 | AC58: 90 | AD58: 0.85972222 | AE58: 0.86458333 | AF58: 90 | AG58: 0.97361111 | AH58: 0.0034722222 | AI58: 91 | AJ58: 0.078472222 | AK58: 0.083333333 | AL58: 88 | AM58: 0.1875 | AN58: 0.19930556 | AO58: 78 | AP58: 0.25694444 | AQ58: 0.27430556 | AR58: 80 | AS58: 0.34027778 | AT58: 0.34444444 | AU58: 66 | AV58: 0.42847222 | AW58: 0.42986111 | AX58: 59 | AY58: 0.49305556 | AZ58: 0.49513889 | BA58: 57 | BB58: 44787.54
B59: AMY DEMARCO | C59: 547 | D59: F | E59: 107 | F59: 0.26944444 | G59: 0.27013889 | H59: 87 | I59: 0.32430556 | J59: 0.32430556 | K59: 102 | L59: 0.39652778 | M59: 0.40208333 | N59: 97 | O59: 0.48541667 | P59: 0.48888889 | Q59: 86 | R59: 0.55486111 | S59: 0.55694444 | T59: 85 | U59: 0.625 | V59: 0.62708333 | W59: 91 | X59: 0.67986111 | Y59: 0.68680556 | Z59: 78 | AB59: 0.78194444 | AC59: 76 | AD59: 0.84027778 | AE59: 0.84513889 | AF59: 72 | AG59: 0.94583333 | AH59: 0.95277778 | AI59: 67 | AJ59: 0.024305556 | AK59: 0.027083333 | AL59: 61 | AM59: 0.13194444 | AN59: 0.13541667 | AO59: 60 | AP59: 0.20208333 | AQ59: 0.20833333 | AR59: 57 | AS59: 0.27916667 | AT59: 0.28194444 | AU59: 54 | AV59: 0.39652778 | AW59: 0.4 | AX59: 57 | AY59: 0.49097222 | AZ59: 0.49236111 | BA59: 58 | BB59: 44787.541
B60: NICK CIARROCCHI | C60: 536 | D60: M | E60: 63 | F60: 0.26319444 | G60: 0.26388889 | H60: 52 | I60: 0.31458333 | J60: 0.31458333 | K60: 36 | L60: 0.37083333 | M60: 0.37638889 | N60: 35 | O60: 0.44583333 | P60: 0.44791667 | Q60: 30 | R60: 0.50347222 | S60: 0.50625 | T60: 26 | U60: 0.56041667 | V60: 0.5625 | W60: 24 | X60: 0.6 | Y60: 0.61458333 | Z60: 32 | AB60: 0.7125 | AC60: 32 | AD60: 0.76944444 | AE60: 0.77361111 | AF60: 44 | AG60: 0.88680556 | AH60: 0.91388889 | AI60: 45 | AJ60: 0.98541667 | AK60: 0.98819444 | AL60: 49 | AM60: 0.098611111 | AN60: 0.10694444 | AO60: 45 | AP60: 0.15694444 | AQ60: 0.17916667 | AR60: 53 | AS60: 0.26527778 | AT60: 0.27708333 | AU60: 57 | AV60: 0.40069444 | AW60: 0.41805556 | AX60: 60 | AY60: 0.49305556 | AZ60: 0.49513889 | BA60: 59 | BB60: 44787.543
B61: SARAH WENGER | C61: 727 | D61: F | E61: 77 | F61: 0.26597222 | G61: 0.26666667 | K61: 83 | L61: 0.38819444 | M61: 0.39652778 | N61: 82 | O61: 0.47847222 | P61: 0.48055556 | Q61: 75 | R61: 0.54513889 | S61: 0.55416667 | T61: 79 | U61: 0.61666667 | V61: 0.61944444 | W61: 76 | X61: 0.66736111 | Y61: 0.67222222 | Z61: 68 | AB61: 0.77777778 | AC61: 74 | AD61: 0.84027778 | AE61: 0.84305556 | AF61: 71 | AG61: 0.94583333 | AH61: 0.95833333 | AI61: 73 | AJ61: 0.030555556 | AK61: 0.0375 | AL61: 71 | AM61: 0.14444444 | AN61: 0.14930556 | AO61: 67 | AP61: 0.21805556 | AQ61: 0.23888889 | AR61: 65 | AS61: 0.30972222 | AT61: 0.32152778 | AU61: 64 | AV61: 0.42013889 | AW61: 0.42569444 | AX61: 61 | AY61: 0.49583333 | AZ61: 0.49722222 | BA61: 60 | BB61: 44787.552
B62: ERIC NELSON | C62: 651 | D62: M | E62: 123 | F62: 0.27013889 | G62: 0.27083333 | H62: 70 | I62: 0.32083333 | J62: 0.32083333 | K62: 67 | L62: 0.38541667 | M62: 0.39305556 | N62: 73 | O62: 0.47361111 | P62: 0.475 | Q62: 74 | R62: 0.54513889 | S62: 0.54722222 | T62: 75 | U62: 0.6125 | V62: 0.61319444 | W62: 66 | X62: 0.65625 | Y62: 0.67222222 | Z62: 66 | AB62: 0.77152778 | AC62: 67 | AD62: 0.8375 | AE62: 0.83958333 | AF62: 67 | AG62: 0.9375 | AH62: 0.94791667 | AI62: 70 | AJ62: 0.028472222 | AK62: 0.031944444 | AL62: 65 | AM62: 0.13333333 | AN62: 0.13472222 | AO62: 59 | AP62: 0.20138889 | AQ62: 0.21527778 | AR62: 60 | AS62: 0.29375 | AT62: 0.29513889 | AU62: 55 | AV62: 0.39791667 | AW62: 0.40625 | AX62: 58 | AY62: 0.49305556 | AZ62: 0.49513889 | BA62: 61 | BB62: 44787.555
B63: PETER HALSEY | C63: 575 | D63: M | E63: 91 | F63: 0.26736111 | G63: 0.26805556 | H63: 119 | I63: 0.32986111 | J63: 0.32986111 | K63: 100 | L63: 0.39652778 | M63: 0.4 | N63: 92 | O63: 0.48402778 | P63: 0.48819444 | Q63: 94 | R63: 0.55694444 | S63: 0.55902778 | T63: 96 | U63: 0.62986111 | V63: 0.63333333 | W63: 95 | X63: 0.68125 | Y63: 0.6875 | Z63: 82 | AB63: 0.79027778 | AC63: 83 | AD63: 0.85486111 | AE63: 0.85763889 | AF63: 81 | AG63: 0.95277778 | AH63: 0.96180556 | AI63: 72 | AJ63: 0.030555556 | AK63: 0.034722222 | AL63: 63 | AM63: 0.13263889 | AN63: 0.1375 | AO63: 58 | AP63: 0.20138889 | AQ63: 0.2125 | AR63: 58 | AS63: 0.28541667 | AT63: 0.29097222 | AU63: 61 | AV63: 0.40625 | AW63: 0.41666667 | AX63: 64 | AY63: 0.50208333 | AZ63: 0.50486111 | BA63: 62 | BB63: 44787.565
B64: NICHOLAS BODNER | C64: 519 | D64: M | E64: 133 | F64: 0.27152778 | G64: 0.27222222 | H64: 125 | I64: 0.33194444 | J64: 0.33194444 | K64: 96 | L64: 0.39583333 | M64: 0.40138889 | N64: 105 | O64: 0.49166667 | P64: 0.49444444 | Q64: 100 | R64: 0.5625 | S64: 0.56458333 | T64: 97 | U64: 0.63055556 | V64: 0.63263889 | W64: 89 | X64: 0.67986111 | Y64: 0.69444444 | Z64: 90 | AB64: 0.79722222 | AC64: 82 | AD64: 0.85347222 | AE64: 0.85555556 | AF64: 77 | AG64: 0.94861111 | AH64: 0.96736111 | AI64: 82 | AJ64: 0.047222222 | AK64: 0.051388889 | AL64: 78 | AM64: 0.15486111 | AN64: 0.16319444 | AO64: 73 | AP64: 0.23819444 | AQ64: 0.26875 | AR64: 72 | AS64: 0.32777778 | AT64: 0.33263889 | AU64: 69 | AV64: 0.43958333 | AW64: 0.44444444 | AX64: 70 | AY64: 0.52152778 | AZ64: 0.52152778 | BA64: 63 | BB64: 44787.568
B65: DANTE LEVEN | C65: 617 | D65: M | E65: 82 | F65: 0.26597222 | G65: 0.26666667 | H65: 81 | I65: 0.32152778 | J65: 0.32152778 | K65: 69 | L65: 0.38611111 | M65: 0.38819444 | N65: 58 | O65: 0.4625 | P65: 0.46527778 | Q65: 56 | R65: 0.52777778 | S65: 0.53055556 | T65: 52 | U65: 0.58819444 | V65: 0.58958333 | W65: 51 | X65: 0.63125 | Y65: 0.6375 | Z65: 49 | AB65: 0.74236111 | AC65: 52 | AD65: 0.80625 | AE65: 0.8125 | AF65: 52 | AG65: 0.90763889 | AH65: 0.91944444 | AI65: 48 | AJ65: 0.99305556 | AK65: 1 | AL65: 50 | AM65: 0.10277778 | AN65: 0.10833333 | AO65: 55 | AP65: 0.18472222 | AQ65: 0.18819444 | AR65: 56 | AS65: 0.27638889 | AT65: 0.28541667 | AU65: 59 | AV65: 0.40138889 | AW65: 0.40972222 | AX65: 63 | AY65: 0.50208333 | AZ65: 0.50486111 | BA65: 64 | BB65: 44787.568
B66: BILL MCNALLY | C66: 638 | D66: M | E66: 161 | F66: 0.27430556 | G66: 0.275 | K66: 140 | L66: 0.40972222 | M66: 0.41319444 | N66: 113 | O66: 0.49861111 | P66: 0.50069444 | Q66: 106 | R66: 0.56875 | S66: 0.57152778 | T66: 101 | U66: 0.63680556 | V66: 0.63958333 | W66: 97 | X66: 0.68541667 | Y66: 0.68958333 | Z66: 86 | AB66: 0.79305556 | AC66: 87 | AD66: 0.85694444 | AE66: 0.86041667 | AF66: 83 | AG66: 0.95694444 | AH66: 0.96875 | AI66: 81 | AJ66: 0.045138889 | AK66: 0.047222222 | AL66: 73 | AM66: 0.14652778 | AN66: 0.14861111 | AO66: 65 | AP66: 0.21458333 | AQ66: 0.22222222 | AR66: 62 | AS66: 0.29444444 | AT66: 0.29652778 | AU66: 62 | AV66: 0.40763889 | AW66: 0.40902778 | AX66: 62 | AY66: 0.50208333 | AZ66: 0.50347222 | BA66: 65 | BB66: 44787.569
B67: ZACKARY SANDERS | C67: 687 | D67: M | E67: 65 | F67: 0.26319444 | G67: 0.26388889 | H67: 56 | I67: 0.31458333 | J67: 0.31458333 | K67: 43 | L67: 0.37291667 | M67: 0.37847222 | N67: 42 | O67: 0.45 | P67: 0.45277778 | Q67: 39 | R67: 0.50972222 | S67: 12"17 | T67: 39 | U67: 0.57013889 | V67: 0.57083333 | W67: 36 | X67: 0.61111111 | Y67: 0.625 | Z67: 38 | AB67: 0.72152778 | AC67: 40 | AD67: 0.78194444 | AE67: 0.78680556 | AF67: 42 | AG67: 0.87847222 | AH67: 0.89722222 | AI67: 40 | AJ67: 0.97013889 | AK67: 0.97638889 | AL67: 45 | AM67: 0.086111111 | AN67: 0.090277778 | AO67: 49 | AP67: 0.16597222 | AQ67: 0.18958333 | AR67: 55 | AS67: 0.27430556 | AT67: 0.28402778 | AU67: 60 | AV67: 0.40416667 | AW67: 0.40833333 | AX67: 65 | AY67: 0.50833333 | AZ67: 0.51111111 | BA67: 66 | BB67: 44787.571
B68: MATT NICKLIN | C68: 653 | D68: M | E68: 41 | F68: 0.26041667 | G68: 0.26180556 | H68: 45 | I68: 0.31388889 | J68: 0.31388889 | K68: 47 | L68: 0.375 | M68: 0.38125 | N68: 54 | O68: 0.46111111 | P68: 0.46527778 | Q68: 60 | R68: 0.53125 | S68: 0.53680556 | T68: 61 | U68: 0.59861111 | V68: 0.60208333 | W68: 62 | X68: 0.64583333 | Y68: 0.65972222 | Z68: 63 | AB68: 0.76458333 | AC68: 64 | AD68: 0.82777778 | AE68: 0.83263889 | AF68: 64 | AG68: 0.93125 | AH68: 0.94652778 | AI68: 69 | AJ68: 0.024305556 | AK68: 0.031944444 | AL68: 69 | AM68: 0.14097222 | AN68: 0.15277778 | AO68: 66 | AP68: 0.21666667 | AQ68: 0.22916667 | AR68: 66 | AS68: 0.31388889 | AT68: 0.32013889 | AU68: 65 | AV68: 0.42430556 | AW68: 0.43055556 | AX68: 66 | AY68: 0.51527778 | AZ68: 0.51805556 | BA68: 67 | BB68: 44787.574
B69: BUD WILSON | C69: 730 | D69: M | E69: 59 | F69: 0.26319444 | G69: 0.26388889 | H69: 66 | I69: 0.31875 | J69: 0.31875 | K69: 70 | L69: 0.38611111 | M69: 0.39027778 | N69: 74 | O69: 0.47430556 | P69: 0.47777778 | Q69: 84 | R69: 0.55208333 | S69: 0.55486111 | T69: 91 | U69: 0.62777778 | V69: 0.62847222 | W69: 100 | X69: 0.69097222 | Y69: 0.70763889 | Z69: 102 | AB69: 0.81597222 | AC69: 98 | AD69: 0.88194444 | AE69: 0.88263889 | AF69: 95 | AG69: 0.98472222 | AH69: 0.99791667 | AI69: 85 | AJ69: 0.064583333 | AK69: 0.069444444 | AL69: 84 | AM69: 0.17708333 | AN69: 0.18125 | AO69: 82 | AP69: 0.26388889 | AQ69: 0.28680556 | AR69: 86 | AS69: 0.35069444 | AT69: 0.35277778 | AU69: 74 | AV69: 0.44583333 | AW69: 0.44861111 | AX69: 67 | AY69: 0.51805556 | AZ69: 0.51944444 | BA69: 68 | BB69: 44787.58
B70: IAN LUSCHIN | C70: 626 | D70: M | E70: 139 | F70: 0.27152778 | G70: 0.27222222 | H70: 129 | I70: 0.33263889 | J70: 0.33263889 | K70: 151 | L70: 0.41319444 | M70: 0.41805556 | N70: 137 | O70: 0.50555556 | P70: 0.50763889 | Q70: 127 | R70: 0.57986111 | S70: 0.58333333 | T70: 110 | U70: 0.64791667 | V70: 0.65069444 | W70: 106 | X70: 0.69791667 | Y70: 0.70625 | Z70: 100 | AB70: 0.81458333 | AC70: 100 | AD70: 0.88472222 | AE70: 0.8875 | AF70: 98 | AG70: 0.99305556 | AH70: 0 | AI70: 97 | AJ70: 0.0875 | AK70: 0.094444444 | AL70: 102 | AM70: 0.20347222 | AN70: 0.20694444 | AO70: 93 | AP70: 0.27361111 | AQ70: 0.27916667 | AR70: 85 | AS70: 0.34930556 | AT70: 0.35208333 | AU70: 75 | AV70: 0.45069444 | AW70: 0.45347222 | AX70: 71 | AY70: 0.53055556 | AZ70: 0.53125 | BA70: 69 | BB70: 44787.581
B71: GREGORY TRAPP | C71: 714 | D71: M | E71: 124 | F71: 0.27013889 | G71: 0.27083333 | H71: 137 | I71: 0.33402778 | J71: 0.33402778 | K71: 156 | L71: 0.41388889 | M71: 0.42152778 | N71: 155 | O71: 0.51666667 | P71: 0.52222222 | Q71: 151 | R71: 0.59444444 | S71: 0.60069444 | T71: 134 | U71: 0.66319444 | V71: 0.66666667 | W71: 127 | X71: 0.71180556 | Y71: 0.72222222 | Z71: 118 | AB71: 0.84097222 | AC71: 115 | AD71: 0.90833333 | AE71: 0.91111111 | AF71: 110 | AG71: 0.020833333 | AH71: 0.03125 | AI71: 109 | AJ71: 0.11111111 | AK71: 0.12013889 | AL71: 105 | AM71: 0.21666667 | AN71: 0.22291667 | AO71: 97 | AP71: 0.27916667 | AQ71: 0.29236111 | AR71: 95 | AS71: 0.3625 | AT71: 0.36875 | AU71: 86 | AV71: 0.4625 | AW71: 0.46736111 | AX71: 73 | AY71: 0.53263889 | AZ71: 0.53472222 | BA71: 70 | BB71: 44787.583
B72: MIKE ZIMMERMAN | C72: 737 | D72: M | E72: 154 | F72: 0.27430556 | G72: 0.275 | H72: 155 | I72: 0.33819444 | J72: 0.33819444 | K72: 139 | L72: 0.40972222 | M72: 0.4125 | N72: 133 | O72: 0.50486111 | P72: 0.50625 | Q72: 134 | R72: 0.58125 | S72: 0.58611111 | T72: 131 | U72: 0.65833333 | V72: 0.65972222 | W72: 123 | X72: 0.71041667 | Y72: 0.71875 | Z72: 106 | AB72: 0.82291667 | AC72: 106 | AD72: 0.89166667 | AE72: 0.89027778 | AF72: 96 | AG72: 0.98819444 | AH72: 0.99652778 | AI72: 89 | AJ72: 0.070833333 | AK72: 0.072916667 | AL72: 80 | AM72: 0.16805556 | AN72: 0.16666667 | AO72: 70 | AP72: 0.23055556 | AQ72: 0.24166667 | AR72: 67 | AS72: 0.31805556 | AT72: 0.32222222 | AU72: 68 | AV72: 0.43194444 | AW72: 0.43541667 | AX72: 68 | AY72: 0.51944444 | AZ72: 0.51944444 | BA72: 71 | BB72: 44787.585
B73: ROLAND MANN | C73: 631 | D73: M | E73: 33 | F73: 0.25972222 | G73: 0.26041667 | H73: 31 | I73: 0.30694444 | J73: 0.30694444 | K73: 32 | L73: 0.36875 | M73: 0.37083333 | N73: 45 | O73: 0.45347222 | P73: 0.45555556 | Q73: 51 | R73: 0.52222222 | S73: 0.52430556 | T73: 56 | U73: 0.59097222 | V73: 0.59236111 | W73: 58 | X73: 0.64166667 | Y73: 0.64583333 | Z73: 55 | AB73: 0.75208333 | AC73: 59 | AD73: 0.81736111 | AE73: 0.82152778 | AF73: 59 | AG73: 0.92083333 | AH73: 0.94236111 | AI73: 63 | AJ73: 0.019444444 | AK73: 0.029166667 | AL73: 64 | AM73: 0.13263889 | AN73: 0.14305556 | AO73: 68 | AP73: 0.22152778 | AQ73: 0.25347222 | AR73: 71 | AS73: 0.32430556 | AT73: 0.32986111 | AU73: 73 | AV73: 0.44236111 | AW73: 0.44791667 | AX73: 77 | AY73: 0.53472222 | AZ73: 0.53611111 | BA73: 72 | BB73: 44787.586
B74: ERICA GAFFNEY | C74: 564 | D74: F | E74: 61 | F74: 0.26319444 | G74: 0.26388889 | K74: 51 | L74: 0.37638889 | M74: 0.38055556 | N74: 48 | O74: 0.45555556 | P74: 0.45763889 | Q74: 48 | R74: 0.51944444 | S74: 0.52430556 | T74: 48 | U74: 0.58472222 | V74: 0.5875 | W74: 59 | X74: 0.64236111 | Y74: 0.65138889 | Z74: 61 | AB74: 0.76041667 | AC74: 61 | AD74: 0.81944444 | AE74: 0.82152778 | AF74: 61 | AG74: 0.93125 | AH74: 0.95138889 | AI74: 68 | AJ74: 0.024305556 | AK74: 0.027083333 | AL74: 62 | AM74: 0.13194444 | AN74: 0.13611111 | AO74: 61 | AP74: 0.20208333 | AQ74: 0.21111111 | AR74: 59 | AS74: 0.29236111 | AT74: 0.30208333 | AU74: 63 | AV74: 0.41805556 | AW74: 0.42847222 | AX74: 69 | AY74: 0.51944444 | AZ74: 0.52222222 | BA74: 73 | BB74: 44787.587
B75: ERIC CLOUATRE | C75: 538 | D75: M | E75: 122 | F75: 0.27013889 | G75: 0.27083333 | H75: 127 | I75: 0.33263889 | J75: 0.33263889 | K75: 136 | L75: 0.40833333 | M75: 0.41597222 | N75: 131 | O75: 0.50486111 | P75: 0.50972222 | Q75: 123 | R75: 0.57986111 | S75: 0.58333333 | T75: 119 | U75: 0.65347222 | V75: 0.66041667 | W75: 117 | X75: 0.70625 | Y75: 0.71875 | Z75: 109 | AB75: 0.82777778 | AC75: 107 | AD75: 0.89236111 | AE75: 0.89652778 | AF75: 104 | AG75: 0.0034722222 | AH75: 0.026388889 | AI75: 103 | AJ75: 0.098611111 | AK75: 0.10486111 | AL75: 93 | AM75: 0.20069444 | AN75: 0.20555556 | AO75: 87 | AP75: 0.26805556 | AQ75: 0.28402778 | AR75: 84 | AS75: 0.34930556 | AT75: 0.35277778 | AU75: 79 | AV75: 0.45347222 | AW75: 0.45833333 | AX75: 75 | AY75: 0.53472222 | AZ75: 0.53611111 | BA75: 74 | BB75: 44787.589
B76: MARISSA KOVACH | C76: 604 | D76: F | E76: 32 | F76: 0.25972222 | G76: 0.26041667 | H76: 35 | I76: 0.31111111 | J76: 0.31111111 | K76: 50 | L76: 0.37638889 | M76: 0.38055556 | N76: 65 | O76: 0.47013889 | P76: 0.47222222 | Q76: 71 | R76: 0.54305556 | S76: 0.54513889 | T76: 74 | U76: 0.61111111 | V76: 0.61319444 | W76: 69 | X76: 0.66111111 | Y76: 0.66875 | Z76: 67 | AB76: 0.77430556 | AC76: 73 | AD76: 0.83958333 | AE76: 0.84166667 | AF76: 75 | AG76: 0.94861111 | AH76: 0.95902778 | AI76: 75 | AJ76: 0.035416667 | AK76: 0.0375 | AL76: 75 | AM76: 0.15416667 | AN76: 0.15833333 | AO76: 71 | AP76: 0.23402778 | AQ76: 0.24583333 | AR76: 70 | AS76: 0.32361111 | AT76: 0.32569444 | AU76: 72 | AV76: 0.44236111 | AW76: 0.44513889 | AX76: 72 | AY76: 0.53055556 | AZ76: 0.53194444 | BA76: 75 | BB76: 44787.591
B77: TED HARLAN | C77: 577 | D77: M | E77: 117 | F77: 0.26944444 | G77: 0.27013889 | K77: 134 | L77: 0.40833333 | M77: 0.41111111 | N77: 134 | O77: 0.50486111 | P77: 0.50694444 | Q77: 128 | R77: 0.57986111 | S77: 0.58263889 | T77: 127 | U77: 0.65625 | V77: 0.65833333 | W77: 116 | X77: 0.70625 | Y77: 0.71319444 | Z77: 107 | AB77: 0.82430556 | AC77: 108 | AD77: 0.89236111 | AE77: 0.89513889 | AF77: 103 | AG77: 0.0034722222 | AH77: 0.010416667 | AI77: 94 | AJ77: 0.084027778 | AK77: 0.085416667 | AL77: 90 | AM77: 0.19236111 | AN77: 0.19444444 | AO77: 79 | AP77: 0.25833333 | AQ77: 0.26875 | AR77: 76 | AS77: 0.3375 | AT77: 0.34166667 | AU77: 80 | AV77: 0.45347222 | AW77: 0.45694444 | AX77: 76 | AY77: 0.53472222 | AZ77: 0.53541667 | BA77: 76 | BB77: 44787.596
B78: ROBERT WOODALL | C78: 734 | D78: M | E78: 89 | F78: 0.26736111 | G78: 0.26805556 | H78: 67 | I78: 0.31875 | J78: 0.31875 | K78: 65 | L78: 0.38472222 | M78: 0.38819444 | N78: 66 | O78: 0.47013889 | P78: 0.47222222 | Q78: 68 | R78: 0.54097222 | S78: 0.54513889 | T78: 69 | U78: 0.60763889 | V78: 0.61666667 | W78: 67 | X78: 0.65694444 | Y78: 0.66666667 | Z78: 80 | AB78: 0.78611111 | AC78: 85 | AD78: 0.85625 | AE78: 0.8625 | AF78: 84 | AG78: 0.96875 | AH78: 0.99097222 | AI78: 88 | AJ78: 0.070138889 | AK78: 0.077777778 | AL78: 85 | AM78: 0.18333333 | AN78: 0.2 | AO78: 80 | AP78: 0.25972222 | AQ78: 0.26666667 | AR78: 77 | AS78: 0.33819444 | AT78: 0.34444444 | AU78: 77 | AV78: 0.45208333 | AW78: 0.45972222 | AX78: 78 | AY78: 0.54027778 | AZ78: 0.044444444 | BA78: 77 | BB78: 44787.596
B79: WILL ROBINSON | C79: 683 | D79: M | E79: 38 | F79: 0.26041667 | G79: 0.26180556 | H79: 25 | I79: 0.30694444 | J79: 0.30694444 | K79: 26 | L79: 0.36527778 | M79: 0.36805556 | N79: 27 | O79: 0.44166667 | P79: 0.44375 | Q79: 28 | R79: 0.50208333 | S79: 0.50486111 | T79: 37 | U79: 0.56875 | V79: 0.57222222 | W79: 43 | X79: 0.61944444 | Y79: 0.62708333 | Z79: 53 | AB79: 0.74583333 | AC79: 53 | AD79: 0.8125 | AE79: 0.82013889 | AF79: 69 | AG79: 0.94027778 | AH79: 0.96041667 | AI79: 76 | AJ79: 0.038888889 | AK79: 0.047222222 | AL79: 72 | AM79: 0.14652778 | AN79: 0.15347222 | AO79: 69 | AP79: 0.22916667 | AQ79: 0.24791667 | AR79: 68 | AS79: 0.31875 | AT79: 0.32916667 | AU79: 76 | AV79: 0.45069444 | AW79: 0.4625 | AX79: 83 | AY79: 0.046527778 | AZ79: 0.047916667 | BA79: 78 | BB79: 44787.597
B80: TODD BITTERMAN | C80: 518 | D80: M | E80: 150 | F80: 0.27430556 | G80: 0.275 | H80: 139 | I80: 0.33611111 | J80: 0.33611111 | K80: 135 | L80: 0.40833333 | M80: 0.41666667 | N80: 130 | O80: 0.50416667 | P80: 0.50555556 | Q80: 119 | R80: 0.57916667 | S80: 0.58125 | T80: 109 | U80: 0.64791667 | V80: 0.64930556 | W80: 107 | X80: 0.69791667 | Y80: 0.70486111 | Z80: 103 | AB80: 0.81666667 | AC80: 105 | AD80: 0.88888889 | AE80: 0.89097222 | AF80: 102 | AG80: 0.0013888889 | AH80: 0.010416667 | AI80: 100 | AJ80: 0.097222222 | AK80: 0.10208333 | AL80: 103 | AM80: 0.21041667 | AN80: 0.21041667 | AO80: 90 | AP80: 0.27013889 | AQ80: 0.28125 | AR80: 89 | AS80: 0.35555556 | AT80: 0.35763889 | AU80: 87 | AV80: 0.46319444 | AW80: 0.47013889 | AX80: 80 | AY80: 0.045138889 | AZ80: 0.045833333 | BA80: 79 | BB80: 44787.599
B81: TERESA BARNES | C81: 509 | D81: F | E81: 69 | F81: 0.26388889 | G81: 0.26458333 | H81: 55 | I81: 0.31458333 | J81: 0.31458333 | K81: 52 | L81: 0.37638889 | M81: 0.37986111 | N81: 57 | O81: 0.46180556 | P81: 0.46319444 | Q81: 58 | R81: 0.52777778 | S81: 0.53055556 | T81: 60 | U81: 0.59722222 | V81: 0.59930556 | W81: 57 | X81: 0.64166667 | Y81: 0.65347222 | Z81: 79 | AB81: 0.78402778 | AC81: 79 | AD81: 0.85347222 | AE81: 0.85486111 | AF81: 87 | AG81: 0.97013889 | AH81: 0.99166667 | AI81: 87 | AJ81: 0.069444444 | AK81: 0.071527778 | AL81: 82 | AM81: 0.17152778 | AN81: 0.17361111 | AO81: 74 | AP81: 0.23819444 | AQ81: 0.25902778 | AR81: 78 | AS81: 0.33958333 | AT81: 0.34583333 | AU81: 81 | AV81: 0.45555556 | AW81: 0.45833333 | AX81: 79 | AY81: 0.045138889 | AZ81: 0.045138889 | BA81: 80 | BB81: 44787.606
B82: ROB DEMAYO | C82: 548 | D82: M | H82: 104 | I82: 0.32569444 | J82: 0.32569444 | K82: 130 | L82: 0.40555556 | M82: 0.40972222 | N82: 123 | O82: 0.50138889 | P82: 0.50555556 | Q82: 117 | R82: 0.57847222 | S82: 0.58194444 | T82: 122 | U82: 0.65625 | V82: 0.65972222 | W82: 126 | X82: 0.71111111 | Y82: 0.71805556 | Z82: 114 | AB82: 0.83194444 | AC82: 112 | AD82: 0.90277778 | AE82: 0.90833333 | AF82: 107 | AG82: 0.015972222 | AH82: 0.024305556 | AI82: 104 | AJ82: 0.099305556 | AK82: 0.10416667 | AL82: 100 | AM82: 0.20347222 | AN82: 0.20625 | AO82: 83 | AP82: 0.26736111 | AQ82: 0.27430556 | AR82: 81 | AS82: 0.34791667 | AT82: 0.35347222 | AU82: 85 | AV82: 0.46180556 | AW82: 0.46458333 | AX82: 82 | AY82: 0.046527778 | AZ82: 0.047916667 | BA82: 81 | BB82: 44787.607
B83: ROB GOLDER | C83: 569 | D83: M | E83: 85 | F83: 0.26597222 | G83: 0.26666667 | H83: 79 | I83: 0.32083333 | J83: 0.32083333 | K83: 74 | L83: 0.3875 | M83: 0.39097222 | N83: 71 | O83: 0.47291667 | P83: 0.475 | Q83: 67 | R83: 0.54027778 | S83: 0.54513889 | T83: 72 | U83: 0.60972222 | V83: 0.61180556 | W83: 74 | X83: 0.66458333 | Y83: 0.67361111 | Z83: 69 | AB83: 0.77777778 | AC83: 75 | AD83: 0.84027778 | AE83: 0.84444444 | AF83: 79 | AG83: 0.94930556 | AH83: 0.96388889 | AI83: 78 | AJ83: 0.039583333 | AK83: 0.042361111 | AL83: 76 | AM83: 0.15416667 | AN83: 0.15833333 | AO83: 72 | AP83: 0.23402778 | AQ83: 0.24652778 | AR83: 69 | AS83: 0.32013889 | AT83: 0.32361111 | AU83: 71 | AV83: 0.43958333 | AW83: 0.44305556 | AX83: 74 | AY83: 0.53333333 | AZ83: 0.53402778 | BA83: 82 | BB83: 44787.608
B84: JONATHAN LAGOA | C84: 607 | D84: M | E84: 172 | F84: 0.27430556 | G84: 0.275 | H84: 180 | I84: 0.34444444 | J84: 0.34444444 | K84: 155 | L84: 0.41388889 | M84: 0.42083333 | N84: 140 | O84: 0.50694444 | P84: 0.50833333 | Q84: 130 | R84: 0.57986111 | S84: 0.58541667 | T84: 130 | U84: 0.65763889 | V84: 0.65833333 | W84: 124 | X84: 0.71111111 | Y84: 0.71944444 | Z84: 112 | AB84: 0.83194444 | AC84: 110 | AD84: 0.90277778 | AE84: 0.90138889 | AF84: 106 | AG84: 0.015972222 | AH84: 0.024305556 | AI84: 102 | AJ84: 0.098611111 | AK84: 0.10208333 | AL84: 92 | AM84: 0.19722222 | AN84: 0.19930556 | AO84: 81 | AP84: 0.26388889 | AQ84: 0.26666667 | AR84: 79 | AS84: 0.33958333 | AT84: 0.34236111 | AU84: 78 | AV84: 0.45208333 | AW84: 0.45625 | AX84: 81 | AY84: 0.045138889 | AZ84: 0.045833333 | BA84: 83 | BB84: 44787.609
B85: KEVIN SOMOGYE | C85: 699 | D85: M | E85: 125 | F85: 0.27083333 | G85: 0.27152778 | H85: 133 | I85: 0.33402778 | J85: 0.33402778 | K85: 126 | L85: 0.40486111 | M85: 0.41458333 | N85: 136 | O85: 0.50555556 | P85: 0.50625 | Q85: 113 | R85: 0.57708333 | S85: 0.57916667 | T85: 111 | U85: 0.64791667 | V85: 0.64861111 | W85: 108 | X85: 0.69861111 | Y85: 0.70555556 | Z85: 108 | AB85: 0.82569444 | AC85: 109 | AD85: 0.89861111 | AE85: 0.89444444 | AF85: 100 | AG85: 0.99652778 | AH85: 0.024305556 | AI85: 106 | AJ85: 0.10069444 | AK85: 0.10208333 | AL85: 96 | AM85: 0.20277778 | AN85: 0.20555556 | AO85: 86 | AP85: 0.26805556 | AQ85: 0.27569444 | AR85: 83 | AS85: 0.34791667 | AT85: 0.35138889 | AU85: 82 | AV85: 0.45555556 | AW85: 0.46319444 | AX85: 88 | AY85: 0.05 | AZ85: 0.050694444 | BA85: 84 | BB85: 44787.614
B86: MICHAEL CIGICH | C86: 739 | D86: M | E86: 146 | F86: 0.27152778 | G86: 0.27222222 | K86: 131 | L86: 0.40555556 | M86: 0.40972222 | N86: 121 | O86: 0.50138889 | P86: 0.50555556 | Q86: 118 | R86: 0.57847222 | S86: 0.58333333 | T86: 124 | U86: 0.65625 | V86: 0.65972222 | W86: 125 | X86: 0.71111111 | Y86: 0.71805556 | Z86: 113 | AB86: 0.83194444 | AC86: 113 | AD86: 0.90277778 | AE86: 0.90833333 | AF86: 108 | AG86: 0.015972222 | AH86: 0.024305556 | AI86: 105 | AJ86: 0.099305556 | AK86: 0.10416667 | AL86: 97 | AM86: 0.20277778 | AN86: 0.20555556 | AO86: 84 | AP86: 0.26736111 | AQ86: 0.27291667 | AR86: 82 | AS86: 0.34791667 | AT86: 0.35347222 | AU86: 84 | AV86: 0.46180556 | AW86: 0.46458333 | AX86: 86 | AY86: 0.048611111 | AZ86: 0.05 | BA86: 85 | BB86: 44787.616
B87: MATTHEW VAHEY | C87: 716 | D87: M | E87: 72 | F87: 0.26458333 | G87: 0.26527778 | H87: 83 | I87: 0.32291667 | J87: 0.32291667 | K87: 90 | L87: 0.39236111 | M87: 0.39583333 | N87: 83 | O87: 0.47916667 | P87: 0.48333333 | Q87: 83 | R87: 0.55069444 | S87: 0.55625 | T87: 82 | U87: 0.62222222 | V87: 0.62777778 | W87: 87 | X87: 0.67638889 | Y87: 0.68680556 | Z87: 93 | AB87: 0.79861111 | AC87: 93 | AD87: 0.86736111 | AE87: 0.87083333 | AF87: 94 | AG87: 0.98402778 | AH87: 0.0034722222 | AI87: 95 | AJ87: 0.085416667 | AK87: 0.093055556 | AL87: 101 | AM87: 0.20347222 | AN87: 0.21180556 | AO87: 96 | AP87: 0.27847222 | AQ87: 0.28402778 | AR87: 90 | AS87: 0.35555556 | AT87: 0.36041667 | AU87: 91 | AV87: 0.46736111 | AW87: 0.47083333 | AX87: 91 | AY87: 0.059722222 | AZ87: 0.063194444 | BA87: 86 | BB87: 44787.616
B88: KEN KREMER | C88: 605 | D88: M | E88: 141 | F88: 0.27152778 | G88: 0.27222222 | H88: 92 | I88: 0.32430556 | J88: 0.32430556 | K88: 174 | L88: 0.42361111 | M88: 0.42847222 | N88: 179 | O88: 0.53819444 | P88: 0.54236111 | Q88: 176 | R88: 0.61805556 | S88: 0.62569444 | T88: 174 | U88: 0.70416667 | V88: 0.71180556 | W88: 173 | X88: 0.76388889 | Y88: 0.77152778 | Z88: 153 | AB88: 0.87986111 | AC88: 147 | AD88: 0.94652778 | AE88: 0.95138889 | AF88: 135 | AG88: 0.059027778 | AH88: 0.06875 | AI88: 124 | AJ88: 0.14236111 | AK88: 0.14583333 | AL88: 117 | AM88: 0.24791667 | AN88: 0.24930556 | AO88: 108 | AP88: 0.30694444 | AQ88: 0.31180556 | AR88: 104 | AS88: 0.37986111 | AT88: 0.38402778 | AU88: 99 | AV88: 0.48333333 | AW88: 0.48680556 | AX88: 94 | AY88: 0.065277778 | AZ88: 0.066666667 | BA88: 87 | BB88: 44787.617
B89: STEVEN DAILEY | C89: 545 | D89: M | E89: 143 | F89: 0.27152778 | G89: 0.27222222 | N89: 147 | O89: 0.51388889 | P89: 0.51736111 | Q89: 143 | R89: 0.59166667 | S89: 0.59513889 | T89: 143 | U89: 0.66736111 | V89: 0.66944444 | W89: 135 | X89: 0.71875 | Y89: 0.72986111 | Z89: 121 | AB89: 0.84236111 | AC89: 119 | AD89: 0.90972222 | AE89: 0.91666667 | AF89: 117 | AG89: 0.027777778 | AH89: 0.038194444 | AI89: 111 | AJ89: 0.11666667 | AK89: 0.12013889 | AL89: 111 | AM89: 0.23611111 | AN89: 0.24027778 | AO89: 104 | AP89: 0.29722222 | AQ89: 0.30555556 | AR89: 100 | AS89: 0.37152778 | AT89: 0.37638889 | AU89: 95 | AV89: 0.48125 | AW89: 0.48611111 | AX89: 93 | AY89: 0.063888889 | AZ89: 0.065972222 | BA89: 88 | BB89: 44787.619
B90: IHOR STRATAN | C90: 705 | D90: M | E90: 95 | F90: 0.26805556 | G90: 0.26875 | H90: 101 | I90: 0.32569444 | J90: 0.32569444 | K90: 108 | L90: 0.39930556 | M90: 0.40347222 | N90: 107 | O90: 0.49305556 | P90: 0.49791667 | Q90: 102 | R90: 0.56736111 | S90: 0.57222222 | T90: 104 | U90: 0.64097222 | V90: 0.64166667 | W90: 111 | X90: 0.69930556 | Y90: 0.71666667 | Z90: 133 | AB90: 0.85138889 | AC90: 125 | AD90: 0.91666667 | AE90: 0.91875 | AF90: 113 | AG90: 0.025694444 | AH90: 0.046527778 | AI90: 112 | AJ90: 0.11666667 | AK90: 0.13333333 | AL90: 107 | AM90: 0.23055556 | AN90: 0.31597222 | AO90: 100 | AP90: 0.28611111 | AQ90: 0.28680556 | AR90: 93 | AS90: 0.36111111 | AT90: 0.36388889 | AU90: 92 | AV90: 0.46805556 | AW90: 0.46944444 | AX90: 89 | AY90: 0.054861111 | AZ90: 0.065277778 | BA90: 89 | BB90: 44787.622
B91: CASPER POHLMANN | C91: 670 | D91: M | E91: 96 | F91: 0.26805556 | G91: 0.26875 | N91: 75 | O91: 0.47430556 | P91: 0.47638889 | Q91: 73 | R91: 0.54375 | S91: 0.54791667 | T91: 71 | U91: 0.60972222 | V91: 0.61180556 | W91: 78 | X91: 0.66944444 | Y91: 0.67361111 | Z91: 70 | AB91: 0.77777778 | AC91: 68 | AD91: 0.83819444 | AE91: 0.84236111 | AF91: 73 | AG91: 0.94583333 | AH91: 0.96458333 | AI91: 80 | AJ91: 0.043055556 | AK91: 0.047222222 | AL91: 77 | AM91: 0.15416667 | AN91: 0.16319444 | AO91: 75 | AP91: 0.23888889 | AQ91: 0.25208333 | AR91: 73 | AS91: 0.32986111 | AT91: 0.3375 | AU91: 88 | AV91: 0.46319444 | AW91: 0.46805556 | AX91: 84 | AY91: 0.047222222 | AZ91: 0.050694444 | BA91: 90 | BB91: 44787.622
B92: PATRICK DURANTE | C92: 553 | D92: M | E92: 93 | F92: 0.26736111 | G92: 0.26805556 | K92: 98 | L92: 0.39583333 | M92: 0.4 | N92: 93 | O92: 0.48472222 | P92: 0.48888889 | Q92: 91 | R92: 0.55555556 | S92: 0.56041667 | T92: 88 | U92: 0.625 | V92: 0.62986111 | W92: 84 | X92: 0.67430556 | Y92: 0.68611111 | Z92: 74 | AB92: 0.77986111 | AC92: 72 | AD92: 0.83888889 | AE92: 0.84444444 | AF92: 76 | AG92: 0.94861111 | AH92: 0.96597222 | AI92: 79 | AJ92: 0.043055556 | AK92: 0.047222222 | AL92: 79 | AM92: 0.15486111 | AN92: 0.16319444 | AO92: 76 | AP92: 0.23888889 | AQ92: 0.25208333 | AR92: 75 | AS92: 0.33055556 | AT92: 0.3375 | AU92: 89 | AV92: 0.46388889 | AW92: 0.46805556 | AX92: 85 | AY92: 0.048611111 | AZ92: 0.050694444 | BA92: 91 | BB92: 44787.622
B93: MIKE CHILDS | C93: 534 | D93: M | E93: 167 | F93: 0.27430556 | G93: 0.275 | H93: 164 | I93: 0.33888889 | J93: 0.33888889 | K93: 152 | L93: 0.41319444 | M93: 0.41944444 | N93: 148 | O93: 0.51388889 | P93: 0.51805556 | Q93: 144 | R93: 0.59166667 | S93: 0.59513889 | T93: 144 | U93: 0.66736111 | V93: 0.67013889 | W93: 134 | X93: 0.71875 | Y93: 0.73055556 | Z93: 122 | AB93: 0.84236111 | AC93: 118 | AD93: 0.90972222 | AE93: 0.91666667 | AF93: 115 | AG93: 0.027777778 | AH93: 0.045138889 | AI93: 114 | AJ93: 0.11736111 | AK93: 0.12222222 | AL93: 113 | AM93: 0.23611111 | AN93: 0.24513889 | AO93: 105 | AP93: 0.30347222 | AQ93: 0.31736111 | AR93: 105 | AS93: 0.38194444 | AT93: 0.38888889 | AU93: 100 | AV93: 0.48472222 | AW93: 0.49652778 | AX93: 95 | AY93: 0.065277778 | AZ93: 0.068055556 | BA93: 92 | BB93: 44787.625
B94: KELLY KENNEDY | C94: 595 | D94: M | E94: 137 | F94: 0.27152778 | G94: 0.27222222 | H94: 128 | I94: 0.33263889 | J94: 0.33263889 | K94: 162 | L94: 0.41597222 | M94: 0.42847222 | N94: 164 | O94: 0.52708333 | P94: 0.53680556 | Q94: 167 | R94: 0.61111111 | S94: 0.61944444 | T94: 164 | U94: 0.69236111 | V94: 0.69444444 | W94: 148 | X94: 0.7375 | Y94: 0.75555556 | Z94: 155 | AB94: 0.88125 | AC94: 150 | AD94: 0.95486111 | AE94: 0.96388889 | AF94: 143 | AG94: 0.078472222 | AH94: 0.10069444 | AI94: 135 | AJ94: 0.17430556 | AK94: 0.17916667 | AL94: 125 | AM94: 0.26736111 | AN94: 0.27430556 | AO94: 115 | AP94: 0.31875 | AQ94: 0.33263889 | AR94: 110 | AS94: 0.40208333 | AT94: 0.41041667 | AU94: 107 | AV94: 0.50277778 | AW94: 0.50902778 | AX94: 97 | AY94: 0.077083333 | AZ94: 0.078472222 | BA94: 93 | BB94: 44787.625
B95: BROOKE SCHELL | C95: 688 | D95: F | E95: 152 | F95: 0.27430556 | G95: 0.275 | H95: 140 | I95: 0.33611111 | J95: 0.33611111 | K95: 148 | L95: 0.4125 | M95: 0.42083333 | N95: 128 | O95: 0.50416667 | P95: 0.50763889 | Q95: 125 | R95: 0.57986111 | S95: 0.58263889 | T95: 113 | U95: 0.64791667 | V95: 0.65 | W95: 104 | X95: 0.69583333 | Y95: 0.70625 | Z95: 104 | AB95: 0.81805556 | AC95: 104 | AD95: 0.88819444 | AE95: 0.89305556 | AF95: 99 | AG95: 0.99652778 | AH95: 0.0041666667 | AI95: 93 | AJ95: 0.084027778 | AK95: 0.088194444 | AL95: 94 | AM95: 0.20138889 | AN95: 0.20486111 | AO95: 91 | AP95: 0.27152778 | AQ95: 0.27777778 | AR95: 87 | AS95: 0.35208333 | AT95: 0.36111111 | AU95: 90 | AV95: 0.46597222 | AW95: 0.47222222 | AX95: 92 | AY95: 0.063194444 | AZ95: 0.065277778 | BA95: 94 | BB95: 44787.627
B96: ERICA LUBERA | C96: 625 | D96: F | E96: 134 | F96: 0.27152778 | G96: 0.27222222 | H96: 182 | I96: 0.34444444 | J96: 0.34444444 | K96: 125 | L96: 0.40416667 | M96: 0.4125 | N96: 112 | O96: 0.49791667 | P96: 0.5 | Q96: 107 | R96: 0.56875 | S96: 0.57152778 | T96: 100 | U96: 0.63680556 | V96: 0.64027778 | W96: 96 | X96: 0.68541667 | Y96: 0.69930556 | Z96: 85 | AB96: 0.79305556 | AC96: 88 | AD96: 0.85833333 | AE96: 0.86041667 | AF96: 78 | AG96: 0.94861111 | AH96: 0.95972222 | AI96: 74 | AJ96: 0.03125 | AK96: 0.036805556 | AL96: 68 | AM96: 0.13611111 | AN96: 0.13958333 | AO96: 62 | AP96: 0.20555556 | AQ96: 0.22638889 | AR96: 64 | AS96: 0.30416667 | AT96: 0.30763889 | AU96: 67 | AV96: 0.43055556 | AW96: 0.44097222 | AX96: 87 | AY96: 0.05 | AZ96: 0.05625 | BA96: 95 | BB96: 44787.629
B97: JOEL STROUSE | C97: 706 | D97: M | E97: 79 | F97: 0.26597222 | G97: 0.26666667 | H97: 63 | I97: 0.31805556 | J97: 0.31805556 | K97: 62 | L97: 0.38333333 | M97: 0.38958333 | N97: 64 | O97: 0.46944444 | P97: 0.47222222 | Q97: 66 | R97: 0.54027778 | S97: 0.54513889 | T97: 73 | U97: 0.60972222 | V97: 0.61180556 | W97: 81 | X97: 0.66944444 | Y97: 0.68055556 | Z97: 84 | AB97: 0.79027778 | AC97: 86 | AD97: 0.85694444 | AE97: 0.86458333 | AF97: 85 | AG97: 0.96875 | AH97: 0.98402778 | AI97: 83 | AJ97: 0.061805556 | AK97: 0.072222222 | AL97: 83 | AM97: 0.17291667 | AN97: 0.18125 | AO97: 77 | AP97: 0.24166667 | AQ97: 0.25763889 | AR97: 74 | AS97: 0.32986111 | AT97: 0.34236111 | AU97: 83 | AV97: 0.41736111 | AW97: 0.46597222 | AX97: 90 | AY97: 0.05625 | AZ97: 0.059027778 | BA97: 96 | BB97: 44787.63
B98: TOD SLABIK | C98: 695 | D98: M | E98: 68 | F98: 0.26388889 | G98: 0.26458333 | H98: 64 | I98: 0.31875 | J98: 0.31875 | K98: 64 | L98: 0.38402778 | M98: 0.3875 | N98: 63 | O98: 0.46944444 | P98: 0.47291667 | Q98: 70 | R98: 0.54305556 | S98: 0.54722222 | T98: 68 | U98: 0.60694444 | V98: 0.61111111 | W98: 79 | X98: 0.66944444 | Y98: 0.68125 | Z98: 83 | AB98: 0.79027778 | AC98: 92 | AD98: 0.86527778 | AE98: 0.86527778 | AF98: 88 | AG98: 0.97361111 | AH98: 0.98055556 | AI98: 84 | AJ98: 0.063888889 | AK98: 0.06875 | AL98: 86 | AM98: 0.18472222 | AN98: 0.1875 | AO98: 88 | AP98: 0.26944444 | AQ98: 0.28888889 | AR98: 97 | AS98: 0.36527778 | AT98: 0.37083333 | AU98: 94 | AV98: 0.47708333 | AW98: 0.47986111 | AX98: 96 | AY98: 0.070833333 | AZ98: 0.072222222 | BA98: 97 | BB98: 44787.634
B99: KEN CAMPBELL | C99: 528 | D99: M | E99: 84 | F99: 0.26597222 | G99: 0.26666667 | H99: 78 | I99: 0.32083333 | J99: 0.32083333 | N99: 90 | O99: 0.48402778 | P99: 0.48680556 | Q99: 95 | R99: 0.55694444 | S99: 0.55902778 | T99: 94 | U99: 0.62847222 | V99: 0.63125 | W99: 93 | X99: 0.68055556 | Y99: 0.69305556 | Z99: 94 | AB99: 0.80138889 | AC99: 95 | AD99: 0.87083333 | AE99: 0.87361111 | AF99: 91 | AG99: 0.98333333 | AH99: 0.0041666667 | AI99: 92 | AJ99: 0.083333333 | AK99: 0.088194444 | AL99: 95 | AM99: 0.20208333 | AN99: 0.20902778 | AO99: 98 | AP99: 0.28125 | AQ99: 0.28472222 | AR99: 94 | AS99: 0.3625 | AT99: 0.36666667 | AU99: 97 | AV99: 0.48333333 | AW99: 0.4875 | AX99: 98 | AY99: 0.077083333 | AZ99: 0.078472222 | BA99: 98 | BB99: 44787.637
B100: JOHN GREGORCHIK | C100: 571 | D100: M | E100: 50 | F100: 0.26180556 | G100: 0.2625 | H100: 54 | I100: 0.31458333 | J100: 0.31458333 | K100: 61 | L100: 0.38263889 | M100: 0.38888889 | N100: 77 | O100: 0.475 | P100: 0.47916667 | Q100: 82 | R100: 0.55 | S100: 0.55347222 | T100: 83 | U100: 0.62291667 | V100: 0.62430556 | W100: 80 | X100: 0.66944444 | Y100: 0.7 | Z100: 99 | AB100: 0.81111111 | AC100: 97 | AD100: 0.87777778 | AE100: 0.8875 | AF100: 97 | AG100: 0.98888889 | AH100: 0.010416667 | AI100: 98 | AJ100: 0.089583333 | AK100: 0.10069444 | AL100: 98 | AM100: 0.20277778 | AN100: 0.21041667 | AO100: 89 | AP100: 0.26944444 | AQ100: 0.29166667 | AR100: 101 | AS100: 0.37222222 | AT100: 0.38263889 | AU100: 104 | AV100: 0.073611111 | AW100: 0.49861111 | AX100: 102 | AY100: 0.080555556 | AZ100: 0.083333333 | BA100: 99 | BB100: 44787.651
...

Sheet splits v2
B1: Bib Number | C1: AS1 arr order | D1: AS1 arr TOD | E1: AS1 dep TOD | F1: AS2 arr order | G1: AS2 arr TOD | H1: AS2dep TOD | I1: AS3 arr order | J1: AS3 arr TOD | K1: AS3 dep TOD | L1: AS4 arr order | M1: AS4 arr TOD | N1: AS4 dep TOD | O1: AS5 arr order | P1: AS5 arr TOD | Q1: AS5 dep TOD | R1: AS6 arr order | S1: AS6 arr TOD | T1: AS6 dep TOD | U1: AS7 arr order | V1: AS7 arr TOD | W1: AS7 dep TOD | X1: AS8 arr order | Y1: AS8 arr TOD | Z1: AS8 dep TOD | AA1: AS9 arr order | AB1: AS9 arr TOD | AC1: AS9 dep TOD | AD1: AS10 arr order | AE1: AS10 arr TOD | AF1: AS10 dep TOD | AG1: AS11 arr order | AH1: AS11 arr TOD | AI1: AS11 dep TOD | AJ1: AS12 arr order | AK1: AS12 arr TOD | AL1: AS12 dep TOD | AM1: AS13 arr order | AN1: AS13 arr TOD | AO1: AS13 dep TOD | AP1: AS14 arr order | AQ1: AS14 arr TOD | AR1: AS14 dep TOD | AS1: AS15 arr order | AT1: AS15 arr TOD | AU1: AS15 dep TOD | AV1: AS16 arr order | AW1: AS16 arr TOD | AX1: AS16 dep TOD | AY1: F arr order | AZ1: F arr TOD
B2: 537 | C2: 1 | D2: 0.25138889 | E2: 0.25208333 | F2: 9 | G2: 0.29444444 | H2: 0.29444444 | I2: 3 | J2: 0.34097222 | K2: 0.34236111 | L2: 1 | M2: 0.39513889 | N2: 0.39583333 | O2: 1 | P2: 0.43680556 | Q2: 0.43680556 | R2: 1 | S2: 0.47708333 | T2: 0.47847222 | U2: 1 | V2: 0.50972222 | W2: 0.51111111 | X2: 1 | Z2: 0.57430556 | AA2: 1 | AB2: 0.61527778 | AC2: 0.61666667 | AD2: 1 | AE2: 0.67916667 | AF2: 0.68333333 | AG2: 1 | AH2: 0.72777778 | AI2: 0.72847222 | AJ2: 1 | AK2: 0.78680556 | AL2: 0.78958333 | AM2: 1 | AN2: 0.82291667 | AO2: 0.82708333 | AP2: 1 | AQ2: 0.87361111 | AR2: 0.875 | AS2: 1 | AT2: 0.94583333 | AU2: 0.95 | AV2: 1 | AW2: 0.0048611111 | AX2: 0.0076388889
B3: 596 | C3: 3 | D3: 0.25138889 | E3: 0.25208333 | F3: 1 | G3: 0.29097222 | H3: 0.29166667 | I3: 2 | J3: 0.34097222 | K3: 0.34305556 | L3: 2 | M3: 0.40069444 | N3: 0.40138889 | O3: 2 | P3: 0.44722222 | Q3: 0.44930556 | R3: 2 | S3: 0.50763889 | T3: 0.50902778 | U3: 2 | V3: 0.54097222 | W3: 0.54305556 | X3: 2 | Z3: 0.62291667 | AA3: 2 | AB3: 0.66736111 | AC3: 0.67013889 | AD3: 2 | AE3: 0.73958333 | AF3: 0.74583333 | AG3: 2 | AH3: 0.8 | AI3: 0.80138889 | AJ3: 2 | AK3: 0.87152778 | AL3: 0.87361111 | AM3: 2 | AN3: 0.91527778 | AO3: 0.92013889 | AP3: 2 | AQ3: 0.97430556 | AR3: 0.97777778 | AS3: 2 | AT3: 0.056944444 | AU3: 0.060416667 | AV3: 2 | AW3: 0.11875 | AX3: 0.11944444
B4: 513 | C4: 9 | D4: 0.25208333 | E4: 0.25277778 | F4: 7 | G4: 0.29236111 | H4: 0.29236111 | I4: 9 | J4: 0.34583333 | K4: 0.34791667 | L4: 8 | M4: 0.41666667 | N4: 0.41875 | O4: 8 | P4: 0.47291667 | Q4: 0.47430556 | R4: 10 | S4: 0.53055556 | T4: 0.53263889 | U4: 12 | V4: 0.57430556 | W4: 0.57777778 | X4: 9 | Z4: 0.65902778 | AA4: 8 | AB4: 0.70625 | AC4: 0.70972222 | AD4: 8 | AE4: 0.78333333 | AF4: 0.78680556 | AG4: 7 | AH4: 0.84097222 | AI4: 0.84375 | AJ4: 5 | AK4: 0.91180556 | AL4: 0.91736111 | AM4: 6 | AN4: 0.96319444 | AO4: 0.96666667 | AP4: 4 | AQ4: 0.020138889 | AR4: 0.023611111 | AS4: 4 | AT4: 0.10625 | AU4: 0.11041667 | AV4: 3 | AW4: 0.16388889 | AX4: 0.16458333
B5: 620 | C5: 10 | D5: 0.25208333 | E5: 0.25277778 | F5: 8 | G5: 0.29236111 | H5: 0.29236111 | I5: 6 | J5: 0.34444444 | K5: 0.34652778 | L5: 7 | M5: 0.41597222 | N5: 0.41666667 | O5: 7 | P5: 0.47083333 | Q5: 0.47222222 | R5: 7 | S5: 0.51944444 | T5: 0.52083333 | U5: 7 | V5: 0.55277778 | W5: 0.55763889 | X5: 6 | Z5: 0.64305556 | AA5: 5 | AB5: 0.69166667 | AC5: 0.69375 | AD5: 5 | AE5: 0.76736111 | AF5: 0.77013889 | AG5: 4 | AH5: 0.82569444 | AI5: 0.82708333 | AJ5: 4 | AK5: 0.90277778 | AL5: 0.90486111 | AM5: 3 | AN5: 0.94652778 | AO5: 0.95069444 | AP5: 3 | AQ5: 0.0076388889 | AR5: 0.011111111 | AS5: 3 | AT5: 0.10277778 | AU5: 0.10555556 | AV5: 4 | AW5: 0.17291667 | AX5: 0.17361111
B6: 689 | C6: 12 | D6: 0.25416667 | E6: 0.25416667 | I6: 13 | J6: 0.35555556 | K6: 0.35902778 | L6: 14 | M6: 0.42847222 | N6: 0.42916667 | O6: 14 | P6: 0.48958333 | Q6: 0.49097222 | R6: 13 | S6: 0.54375 | T6: 0.54444444 | U6: 13 | V6: 0.57916667 | W6: 0.58680556 | X6: 10 | Z6: 0.67013889 | AA6: 10 | AB6: 0.71736111 | AC6: 0.71944444 | AD6: 9 | AE6: 0.79166667 | AF6: 0.79930556 | AG6: 9 | AH6: 0.85416667 | AI6: 0.85763889 | AJ6: 6 | AK6: 0.92291667 | AL6: 0.925 | AM6: 5 | AN6: 0.9625 | AO6: 0.96805556 | AP6: 5 | AQ6: 0.022222222 | AR6: 0.025694444 | AS6: 5 | AT6: 0.10694444 | AU6: 0.1125 | AV6: 5 | AW6: 0.17638889 | AX6: 0.17708333
B7: 603 | C7: 6 | D7: 0.25208333 | E7: 0.25277778 | F7: 6 | G7: 0.29236111 | H7: 0.29236111 | I7: 8 | J7: 0.34583333 | K7: 0.34791667 | L7: 9 | M7: 0.41666667 | N7: 0.41875 | O7: 9 | P7: 0.47291667 | Q7: 0.475 | R7: 8 | S7: 0.52291667 | T7: 0.525 | U7: 8 | V7: 0.55902778 | W7: 0.56319444 | X7: 7 | Z7: 0.64652778 | AA7: 7 | AB7: 0.70069444 | AC7: 0.70694444 | AD7: 7 | AE7: 0.78333333 | AF7: 0.79305556 | AG7: 8 | AH7: 0.84861111 | AI7: 0.85347222 | AJ7: 7 | AK7: 0.92430556 | AL7: 0.92708333 | AM7: 7 | AN7: 0.97222222 | AO7: 0.97708333 | AP7: 6 | AQ7: 0.034722222 | AR7: 0.038888889 | AS7: 6 | AT7: 0.12361111 | AU7: 0.12638889 | AV7: 6 | AW7: 0.17777778 | AX7: 0.17777778
B8: 543 | C8: 26 | D8: 0.25972222 | E8: 0.26041667 | I8: 24 | J8: 0.36388889 | K8: 0.36736111 | L8: 19 | M8: 0.43541667 | N8: 0.4375 | O8: 16 | P8: 0.49236111 | Q8: 0.49513889 | R8: 16 | S8: 0.54861111 | T8: 0.55138889 | U8: 16 | V8: 0.59097222 | W8: 0.60208333 | X8: 17 | Z8: 0.69097222 | AA8: 14 | AB8: 0.74027778 | AC8: 0.74305556 | AD8: 12 | AE8: 0.81597222 | AF8: 0.82430556 | AG8: 12 | AH8: 0.875 | AI8: 0.88055556 | AJ8: 10 | AK8: 0.94652778 | AL8: 0.95208333 | AM8: 9 | AN8: 0.99097222 | AO8: 0.99583333 | AP8: 8 | AQ8: 0.049305556 | AR8: 0.052083333 | AS8: 7 | AT8: 0.13888889 | AU8: 0.14236111 | AV8: 7 | AW8: 0.25833333 | AX8: 0.21875
B9: 515 | C9: 16 | D9: 0.25694444 | E9: 0.25694444 | F9: 16 | G9: 0.30208333 | H9: 0.30208333 | I9: 14 | J9: 0.35902778 | K9: 0.35972222 | L9: 13 | M9: 0.42777778 | N9: 0.42847222 | O9: 12 | P9: 0.48263889 | Q9: 0.48333333 | R9: 12 | S9: 0.53402778 | T9: 0.53472222 | U9: 9 | V9: 0.57013889 | W9: 0.57152778 | X9: 8 | Z9: 0.65902778 | AA9: 9 | AB9: 0.71319444 | AC9: 0.71458333 | AD9: 10 | AE9: 0.79305556 | AF9: 0.79444444 | AG9: 10 | AH9: 0.85555556 | AI9: 0.85763889 | AJ9: 9 | AK9: 0.93819444 | AL9: 0.94027778 | AM9: 10 | AN9: 0.99236111 | AO9: 0.99444444 | AP9: 10 | AQ9: 0.056944444 | AR9: 0.059027778 | AS9: 9 | AT9: 0.15416667 | AU9: 0.15625 | AV9: 8 | AW9: 0.225 | AX9: 0.22638889
B10: 563 | C10: 7 | D10: 0.25208333 | E10: 0.25277778 | I10: 7 | J10: 0.34583333 | K10: 0.34791667 | L10: 6 | M10: 0.41597222 | N10: 0.41666667 | O10: 6 | P10: 0.47083333 | Q10: 0.47222222 | R10: 5 | S10: 0.51805556 | T10: 0.51944444 | U10: 6 | V10: 0.55277778 | W10: 0.55555556 | X10: 5 | Z10: 0.64166667 | AA10: 6 | AB10: 0.69166667 | AC10: 0.69375 | AD10: 6 | AE10: 0.77152778 | AF10: 0.775 | AG10: 6 | AH10: 0.83958333 | AI10: 0.84166667 | AJ10: 8 | AK10: 0.92986111 | AL10: 0.93263889 | AM10: 8 | AN10: 0.98680556 | AO10: 0.98958333 | AP10: 9 | AQ10: 0.050694444 | AR10: 0.052083333 | AS10: 8 | AT10: 0.15277778 | AU10: 0.15694444 | AV10: 9 | AW10: 0.2375 | AX10: 0.23819444
B11: 685 | C11: 31 | D11: 0.25972222 | E11: 0.26041667 | F11: 33 | G11: 0.30902778 | H11: 0.30902778 | I11: 33 | J11: 0.36875 | K11: 0.37083333 | L11: 29 | M11: 0.44513889 | N11: 0.44583333 | O11: 26 | P11: 0.50208333 | Q11: 0.50416667 | R11: 28 | S11: 0.56180556 | T11: 0.56319444 | U11: 28 | V11: 0.60277778 | W11: 0.60625 | X11: 22 | Z11: 0.69652778 | AA11: 21 | AB11: 0.74861111 | AC11: 0.75347222 | AD11: 19 | AE11: 0.82916667 | AF11: 0.83541667 | AG11: 17 | AH11: 0.89583333 | AI11: 0.89930556 | AJ11: 14 | AK11: 0.96736111 | AL11: 0.97152778 | AM11: 11 | AN11: 0.0125 | AO11: 0.015277778 | AP11: 11 | AQ11: 0.072222222 | AR11: 0.076388889 | AS11: 10 | AT11: 0.16597222 | AU11: 0.16944444 | AV11: 10 | AW11: 0.24097222 | AX11: 0.24236111
B12: 731 | C12: 24 | D12: 0.25902778 | E12: 0.25972222 | F12: 136 | G12: 0.33402778 | H12: 0.33402778 | I12: 30 | J12: 0.36736111 | K12: 0.36875 | L12: 25 | M12: 0.44166667 | N12: 0.44236111 | O12: 25 | P12: 0.5 | Q12: 0.50138889 | R12: 22 | S12: 0.55555556 | T12: 0.55625 | U12: 20 | V12: 0.59305556 | W12: 0.59444444 | X12: 13 | Z12: 0.68541667 | AA12: 12 | AB12: 0.73680556 | AC12: 0.7375 | AD12: 13 | AE12: 0.81666667 | AF12: 0.81875 | AG12: 13 | AH12: 0.875 | AI12: 0.87708333 | AJ12: 12 | AK12: 0.96180556 | AL12: 0.96388889 | AM12: 12 | AN12: 0.013888889 | AO12: 0.015972222 | AP12: 12 | AQ12: 0.08125 | AR12: 0.083333333 | AS12: 12 | AT12: 0.17986111 | AU12: 0.18263889 | AV12: 11 | AW12: 0.25138889 | AX12: 0.25138889
B13: 601 | C13: 11 | D13: 0.25416667 | E13: 0.25416667 | F13: 12 | G13: 0.29861111 | H13: 0.29861111 | I13: 15 | J13: 0.35902778 | K13: 0.36180556 | L13: 22 | M13: 0.43680556 | N13: 0.43819444 | O13: 20 | P13: 0.49583333 | Q13: 0.49791667 | R13: 20 | S13: 0.55347222 | T13: 0.55555556 | U13: 19 | V13: 0.59305556 | W13: 0.59791667 | X13: 19 | Z13: 0.69236111 | AA13: 19 | AB13: 0.74513889 | AC13: 0.74722222 | AD13: 16 | AE13: 0.82291667 | AF13: 0.82777778 | AG13: 15 | AH13: 0.88819444 | AI13: 0.88958333 | AJ13: 16 | AK13: 0.96944444 | AL13: 0.97222222 | AM13: 13 | AN13: 0.021527778 | AO13: 0.027083333 | AP13: 13 | AQ13: 0.089583333 | AR13: 0.093055556 | AS13: 13 | AT13: 0.18402778 | AU13: 0.18888889 | AV13: 12 | AW13: 0.25138889 | AX13: 0.25138889
B14: 602 | C14: 101 | D14: 0.26875 | E14: 0.26944444 | F14: 82 | G14: 0.32152778 | H14: 0.32152778 | I14: 60 | J14: 0.38194444 | K14: 0.38472222 | L14: 47 | M14: 0.45555556 | N14: 0.45694444 | O14: 40 | P14: 0.5125 | Q14: 0.51458333 | R14: 35 | S14: 0.56666667 | T14: 0.57013889 | U14: 34 | V14: 0.60972222 | W14: 0.61319444 | X14: 25 | Z14: 0.69930556 | AA14: 24 | AB14: 0.74930556 | AC14: 0.75208333 | AD14: 23 | AE14: 0.83055556 | AF14: 0.84236111 | AG14: 20 | AH14: 0.90138889 | AI14: 0.90416667 | AJ14: 18 | AK14: 0.97916667 | AL14: 0.98194444 | AM14: 17 | AN14: 0.03125 | AO14: 0.034722222 | AP14: 15 | AQ14: 0.096527778 | AR14: 0.10069444 | AS14: 14 | AT14: 0.19375 | AU14: 0.19583333 | AV14: 13 | AW14: 0.26111111 | AX14: 0.25763889
B15: 618 | C15: 8 | D15: 0.25208333 | E15: 0.25277778 | F15: 5 | G15: 0.29236111 | H15: 0.29305556 | I15: 4 | J15: 0.34375 | K15: 0.34513889 | L15: 4 | M15: 0.41111111 | N15: 0.41319444 | O15: 4 | P15: 0.46319444 | Q15: 0.46527778 | R15: 3 | S15: 0.51180556 | T15: 0.51319444 | U15: 3 | V15: 0.55 | W15: 0.55208333 | X15: 3 | Z15: 0.63055556 | AA15: 3 | AB15: 0.675 | AC15: 0.67847222 | AD15: 3 | AE15: 0.75486111 | AF15: 0.76319444 | AG15: 3 | AH15: 0.82083333 | AI15: 0.82430556 | AJ15: 3 | AK15: 0.90069444 | AL15: 0.90694444 | AM15: 4 | AN15: 0.95833333 | AO15: 0.96527778 | AP15: 7 | AQ15: 0.0375 | AR15: 0.05 | AS15: 11 | AT15: 0.17430556 | AU15: 0.17708333 | AV15: 14 | AW15: 0.26180556 | AX15: 0.26527778
B16: 561 | C16: 36 | D16: 0.26041667 | E16: 0.26180556 | I16: 38 | J16: 0.37152778 | K16: 0.37708333 | L16: 32 | M16: 0.44583333 | N16: 0.44722222 | O16: 31 | P16: 0.50347222 | Q16: 0.50486111 | R16: 29 | S16: 0.56388889 | T16: 0.56597222 | U16: 31 | V16: 0.60625 | W16: 0.61041667 | X16: 21 | Z16: 0.69583333 | AA16: 23 | AB16: 0.74930556 | AC16: 0.75208333 | AD16: 18 | AE16: 0.82916667 | AF16: 0.83888889 | AG16: 19 | AH16: 0.89861111 | AI16: 0.90069444 | AJ16: 17 | AK16: 0.97708333 | AL16: 0.98055556 | AM16: 15 | AN16: 0.027777778 | AO16: 0.031944444 | AP16: 16 | AQ16: 0.097916667 | AR16: 0.10625 | AS16: 15 | AT16: 0.19444444 | AU16: 0.19583333 | AV16: 15 | AW16: 0.26527778 | AX16: 0.26666667
B17: 529 | C17: 71 | D17: 0.26388889 | E17: 0.26458333 | F17: 65 | G17: 0.31875 | H17: 0.31875 | I17: 58 | J17: 0.37916667 | K17: 0.38125 | L17: 39 | M17: 0.45 | N17: 0.45069444 | O17: 38 | P17: 0.50972222 | Q17: 0.51111111 | R17: 31 | S17: 0.56527778 | T17: 0.56666667 | U17: 29 | V17: 0.60277778 | W17: 0.60625 | X17: 20 | Z17: 0.69513889 | AA17: 18 | AB17: 0.74444444 | AC17: 0.74583333 | AD17: 15 | AE17: 0.82291667 | AF17: 0.82638889 | AG17: 14 | AH17: 0.88541667 | AI17: 0.88680556 | AJ17: 15 | AK17: 0.96875 | AL17: 0.97222222 | AM17: 14 | AN17: 0.024305556 | AO17: 0.027083333 | AP17: 14 | AQ17: 0.095138889 | AR17: 0.097916667 | AS17: 16 | AT17: 0.19930556 | AU17: 0.20138889 | AV17: 16 | AW17: 0.27777778 | AX17: 0.27847222
B18: 629 | C18: 29 | D18: 0.25972222 | E18: 0.26041667 | F18: 27 | G18: 0.30694444 | H18: 0.30694444 | I18: 19 | J18: 0.3625 | K18: 0.36527778 | L18: 17 | M18: 0.43472222 | N18: 0.43680556 | O18: 17 | P18: 0.49305556 | Q18: 0.49652778 | R18: 18 | S18: 0.55069444 | T18: 0.55416667 | U18: 15 | V18: 0.59027778 | W18: 0.59583333 | X18: 18 | Z18: 0.69166667 | AA18: 20 | AB18: 0.74652778 | AC18: 0.75069444 | AD18: 17 | AE18: 0.82708333 | AF18: 0.83888889 | AG18: 18 | AH18: 0.89861111 | AJ18: 19 | AK18: 0.98263889 | AL18: 0.98819444 | AM18: 18 | AN18: 0.0375 | AO18: 0.047222222 | AP18: 17 | AQ18: 0.10833333 | AR18: 0.11458333 | AS18: 17 | AT18: 0.20972222 | AU18: 0.21736111 | AV18: 17 | AW18: 0.28611111 | AX18: 0.28611111
B19: 655 | C19: 54 | D19: 0.26319444 | E19: 0.26388889 | F19: 43 | G19: 0.31388889 | H19: 0.31388889 | I19: 40 | J19: 0.37152778 | K19: 0.37569444 | L19: 31 | M19: 0.44583333 | N19: 0.44722222 | O19: 27 | P19: 0.50208333 | Q19: 0.50416667 | R19: 27 | S19: 0.56041667 | T19: 0.5625 | U19: 26 | V19: 0.60208333 | W19: 0.60972222 | X19: 26 | Z19: 0.69930556 | AA19: 22 | AB19: 0.74861111 | AC19: 0.75347222 | AD19: 21 | AE19: 0.83055556 | AF19: 0.84375 | AG19: 21 | AH19: 0.90208333 | AI19: 0.90486111 | AJ19: 20 | AK19: 0.99027778 | AL19: 0.99305556 | AM19: 19 | AN19: 0.049305556 | AO19: 0.059722222 | AP19: 19 | AQ19: 0.12361111 | AR19: 0.12777778 | AS19: 19 | AT19: 0.23194444 | AU19: 0.23819444 | AV19: 18 | AW19: 0.30625 | AX19: 0.30625
B20: 567 | C20: 4 | D20: 0.25138889 | E20: 0.25208333 | I20: 5 | J20: 0.34375 | K20: 0.34513889 | L20: 12 | M20: 0.42430556 | N20: 0.42569444 | O20: 18 | P20: 0.49444444 | Q20: 0.49722222 | R20: 17 | S20: 0.55 | T20: 0.55208333 | U20: 21 | V20: 0.59652778 | W20: 0.60277778 | X20: 36 | Z20: 0.71597222 | AA20: 38 | AB20: 0.78125 | AC20: 0.78333333 | AD20: 41 | AE20: 0.87777778 | AF20: 0.88125 | AG20: 33 | AH20: 0.94097222 | AI20: 0.94305556 | AJ20: 29 | AK20: 0.03125 | AL20: 0.034722222 | AM20: 25 | AN20: 0.086111111 | AO20: 0.090972222 | AP20: 24 | AQ20: 0.15138889 | AR20: 0.15416667 | AS20: 21 | AT20: 0.24444444 | AU20: 0.24722222 | AV20: 19 | AW20: 0.31319444 | AX20: 0.31388889
B21: 702 | C21: 27 | D21: 0.25972222 | E21: 0.26041667 | F21: 23 | G21: 0.30625 | H21: 0.30625 | I21: 23 | J21: 0.36388889 | K21: 0.36736111 | L21: 20 | M21: 0.43541667 | N21: 0.4375 | O21: 15 | P21: 0.49166667 | Q21: 0.49513889 | R21: 15 | S21: 0.54861111 | T21: 0.55138889 | U21: 17 | V21: 0.59097222 | W21: 0.60277778 | X21: 16 | Z21: 0.69027778 | AA21: 15 | AB21: 0.74027778 | AC21: 0.74305556 | AD21: 11 | AE21: 0.81527778 | AF21: 0.81875 | AG21: 11 | AH21: 0.875 | AI21: 0.875 | AJ21: 11 | AK21: 0.96180556 | AL21: 0.96527778 | AM21: 16 | AN21: 0.029166667 | AO21: 0.049305556 | AP21: 18 | AQ21: 0.12083333 | AR21: 0.12430556 | AS21: 18 | AT21: 0.23125 | AU21: 0.23611111 | AV21: 20 | AW21: 0.31944444 | AX21: 0.31944444
B22: 728 | C22: 60 | D22: 0.26319444 | E22: 0.26388889 | F22: 77 | G22: 0.32083333 | H22: 0.32083333 | I22: 34 | J22: 0.37083333 | K22: 0.37361111 | L22: 37 | M22: 0.44722222 | N22: 0.44861111 | O22: 37 | P22: 0.50833333 | Q22: 0.51041667 | R22: 33 | S22: 0.56597222 | T22: 0.56666667 | U22: 30 | V22: 0.60555556 | W22: 0.61041667 | X22: 29 | Z22: 0.70347222 | AA22: 27 | AB22: 0.75694444 | AC22: 0.76111111 | AD22: 27 | AE22: 0.84236111 | AF22: 0.84791667 | AG22: 25 | AH22: 0.90902778 | AI22: 0.9125 | AJ22: 23 | AK22: 0.99791667 | AL22: 0.0013888889 | AM22: 20 | AN22: 0.056944444 | AO22: 0.072222222 | AP22: 21 | AQ22: 0.13541667 | AR22: 0.13958333 | AS22: 20 | AT22: 0.24027778 | AU22: 0.24791667 | AV22: 21 | AW22: 0.32222222 | AX22: 0.32361111
B23: 591 | C23: 169 | D23: 0.27430556 | E23: 0.275 | F23: 143 | G23: 0.33680556 | H23: 0.33680556 | I23: 110 | J23: 0.4 | K23: 0.40972222 | L23: 94 | M23: 0.48472222 | N23: 0.48611111 | O23: 79 | P23: 0.54722222 | Q23: 0.55 | R23: 67 | S23: 0.60694444 | T23: 0.60833333 | U23: 63 | V23: 0.64722222 | W23: 0.65486111 | X23: 52 | Z23: 0.74513889 | AA23: 48 | AB23: 0.79583333 | AC23: 0.79791667 | AD23: 37 | AE23: 0.87152778 | AF23: 0.87708333 | AG23: 31 | AH23: 0.93958333 | AI23: 0.94236111 | AJ23: 30 | AK23: 0.034722222 | AL23: 0.038194444 | AM23: 26 | AN23: 0.086111111 | AO23: 0.093055556 | AP23: 26 | AQ23: 0.15902778 | AR23: 0.16666667 | AS23: 24 | AT23: 0.25972222 | AU23: 0.26458333 | AV23: 22 | AW23: 0.32708333 | AX23: 0.32777778
B24: 644 | C24: 13 | D24: 0.25416667 | E24: 0.25486111 | F24: 13 | G24: 0.30138889 | H24: 0.30138889 | I24: 16 | J24: 0.35902778 | K24: 0.3625 | L24: 23 | M24: 0.43680556 | N24: 0.43819444 | O24: 22 | P24: 0.49722222 | Q24: 0.5 | R24: 23 | S24: 0.55694444 | T24: 0.56041667 | U24: 25 | V24: 0.60069444 | W24: 0.60833333 | X24: 24 | Z24: 0.69861111 | AA24: 26 | AB24: 0.75208333 | AC24: 0.75416667 | AD24: 26 | AE24: 0.83125 | AF24: 0.84305556 | AG24: 24 | AH24: 0.90763889 | AI24: 0.9125 | AJ24: 24 | AK24: 0 | AL24: 0.0027777778 | AM24: 22 | AN24: 0.061805556 | AO24: 0.069444444 | AP24: 20 | AQ24: 0.13333333 | AR24: 0.13680556 | AS24: 22 | AT24: 0.25 | AU24: 0.25347222 | AV24: 23 | AW24: 0.33611111 | AX24: 0.33819444
B25: 650 | C25: 28 | D25: 0.25972222 | E25: 0.26041667 | F25: 36 | G25: 0.31180556 | H25: 0.31180556 | I25: 31 | J25: 0.36875 | K25: 0.37013889 | L25: 24 | M25: 0.44027778 | N25: 0.44097222 | O25: 24 | P25: 0.49861111 | Q25: 0.5 | R25: 19 | S25: 0.55208333 | T25: 0.55347222 | U25: 18 | V25: 0.59097222 | W25: 0.59375 | X25: 15 | Z25: 0.68611111 | AA25: 17 | AB25: 0.74305556 | AC25: 0.74583333 | AD25: 22 | AE25: 0.83055556 | AF25: 0.84236111 | AG25: 22 | AH25: 0.90486111 | AI25: 0.90763889 | AJ25: 21 | AK25: 0.99652778 | AL25: 0.99861111 | AM25: 21 | AN25: 0.059722222 | AO25: 0.065972222 | AP25: 22 | AQ25: 0.13819444 | AR25: 0.14513889 | AS25: 25 | AT25: 0.26041667 | AU25: 0.2625 | AV25: 24 | AW25: 0.3375 | AX25: 0.3375
B26: 662 | C26: 53 | D26: 0.26319444 | E26: 0.26388889 | F26: 187 | G26: 0.35277778 | H26: 0.35277778 | I26: 46 | J26: 0.375 | K26: 0.37847222 | L26: 43 | M26: 0.45277778 | N26: 0.45486111 | O26: 43 | P26: 0.5125 | Q26: 0.51527778 | R26: 41 | S26: 0.57083333 | T26: 0.57291667 | U26: 35 | V26: 0.61111111 | W26: 0.61666667 | X26: 31 | Z26: 0.71111111 | AA26: 30 | AB26: 0.76666667 | AC26: 0.76944444 | AD26: 29 | AE26: 0.84930556 | AF26: 0.85625 | AG26: 28 | AH26: 0.92916667 | AI26: 0.93194444 | AJ26: 26 | AK26: 0.021527778 | AL26: 0.025 | AM26: 24 | AN26: 0.078472222 | AO26: 0.088194444 | AP26: 25 | AQ26: 0.15416667 | AR26: 0.15694444 | AS26: 23 | AT26: 0.25972222 | AU26: 0.26041667 | AV26: 25 | AW26: 0.34513889 | AX26: 0.34652778
B27: 611 | C27: 49 | D27: 0.26111111 | E27: 0.26180556 | F27: 50 | G27: 0.31388889 | H27: 0.31388889 | I27: 44 | J27: 0.37361111 | K27: 0.37847222 | L27: 41 | M27: 0.45 | N27: 0.45277778 | O27: 41 | P27: 0.5125 | Q27: 0.51527778 | R27: 38 | S27: 0.57013889 | T27: 0.57083333 | U27: 32 | V27: 0.60694444 | W27: 0.61736111 | X27: 33 | Z27: 0.71388889 | AA27: 34 | AB27: 0.77013889 | AC27: 0.77291667 | AD27: 34 | AE27: 0.86111111 | AF27: 0.87569444 | AG27: 37 | AH27: 0.94652778 | AI27: 0.95 | AJ27: 37 | AK27: 0.047222222 | AL27: 0.052777778 | AM27: 31 | AN27: 0.10763889 | AO27: 0.12361111 | AP27: 33 | AQ27: 0.19513889 | AR27: 0.19930556 | AS27: 31 | AT27: 0.29513889 | AU27: 0.29930556 | AV27: 26 | AW27: 0.35555556 | AX27: 0.35555556
B28: 692 | C28: 45 | D28: 0.26111111 | E28: 0.26180556 | F28: 48 | G28: 0.31388889 | H28: 0.31388889 | I28: 53 | J28: 0.37638889 | K28: 0.38055556 | L28: 56 | M28: 0.46180556 | N28: 0.46527778 | O28: 62 | P28: 0.53333333 | Q28: 0.53541667 | R28: 62 | S28: 0.6 | T28: 0.60347222 | U28: 61 | V28: 0.64513889 | W28: 0.65416667 | X28: 59 | Z28: 0.75694444 | AA28: 57 | AB28: 0.8125 | AC28: 0.81527778 | AD28: 48 | AE28: 0.89513889 | AF28: 0.90763889 | AG28: 42 | AH28: 0.97152778 | AI28: 0.97777778 | AJ28: 38 | AK28: 0.059027778 | AL28: 0.065277778 | AM28: 34 | AN28: 0.11527778 | AO28: 0.11875 | AP28: 30 | AQ28: 0.18888889 | AR28: 0.19444444 | AS28: 28 | AT28: 0.29166667 | AU28: 0.29444444 | AV28: 27 | AW28: 0.35625 | AX28: 0.35625
B29: 697 | C29: 34 | D29: 0.25972222 | E29: 0.26041667 | F29: 28 | G29: 0.30694444 | H29: 0.30694444 | I29: 21 | J29: 0.36319444 | K29: 0.36388889 | L29: 15 | M29: 0.42986111 | N29: 0.43263889 | O29: 13 | P29: 0.48680556 | Q29: 0.48888889 | R29: 14 | S29: 0.54444444 | T29: 0.54722222 | U29: 14 | V29: 0.5875 | W29: 0.59513889 | X29: 14 | Z29: 0.68541667 | AA29: 16 | AB29: 0.74305556 | AC29: 0.74583333 | AD29: 24 | AE29: 0.83055556 | AF29: 0.84097222 | AG29: 23 | AH29: 0.90555556 | AI29: 0.90902778 | AJ29: 22 | AK29: 0.99652778 | AL29: 0.0027777778 | AM29: 23 | AN29: 0.070138889 | AO29: 0.075 | AP29: 23 | AQ29: 0.14722222 | AR29: 0.15208333 | AS29: 26 | AT29: 0.26805556 | AU29: 0.27986111 | AV29: 28 | AW29: 0.36180556 | AX29: 0.35694444
B30: 715 | I30: 48 | J30: 0.375 | K30: 0.37916667 | L30: 44 | M30: 0.45277778 | N30: 0.45486111 | O30: 44 | P30: 0.5125 | Q30: 0.51527778 | R30: 42 | S30: 0.57152778 | T30: 0.57291667 | U30: 39 | V30: 0.61180556 | W30: 0.61944444 | X30: 34 | Z30: 0.71388889 | AA30: 33 | AB30: 0.77013889 | AC30: 0.77291667 | AD30: 33 | AE30: 0.86041667 | AF30: 0.87222222 | AG30: 32 | AH30: 0.93958333 | AI30: 0.94236111 | AJ30: 32 | AK30: 0.035416667 | AL30: 0.038194444 | AM30: 29 | AN30: 0.099305556 | AO30: 0.11597222 | AP30: 29 | AQ30: 0.18680556 | AR30: 0.19166667 | AS30: 29 | AT30: 0.29305556 | AU30: 0.29722222 | AV30: 29 | AW30: 0.36527778 | AX30: 0.36597222
B31: 686 | C31: 43 | D31: 0.26041667 | E31: 0.26180556 | F31: 49 | G31: 0.31388889 | H31: 0.31388889 | I31: 55 | J31: 0.37708333 | K31: 0.37986111 | L31: 51 | M31: 0.45902778 | N31: 0.46041667 | O31: 53 | P31: 0.52291667 | Q31: 0.52569444 | R31: 55 | S31: 0.58888889 | T31: 0.59097222 | U31: 53 | V31: 0.63333333 | W31: 0.63611111 | X31: 44 | Z31: 0.72847222 | AA31: 42 | AB31: 0.78541667 | AC31: 0.7875 | AD31: 38 | AE31: 0.87152778 | AF31: 0.87569444 | AG31: 34 | AH31: 0.94166667 | AI31: 0.94513889 | AJ31: 28 | AK31: 0.03125 | AL31: 0.032638889 | AM31: 27 | AN31: 0.088888889 | AO31: 0.092361111 | AP31: 27 | AQ31: 0.16319444 | AR31: 0.16597222 | AS31: 27 | AT31: 0.27638889 | AU31: 0.27986111 | AV31: 30 | AW31: 0.36805556 | AX31: 0.36180556
B32: 729 | C32: 67 | D32: 0.26388889 | E32: 0.26458333 | F32: 71 | G32: 0.32083333 | H32: 0.32083333 | I32: 63 | J32: 0.38402778 | K32: 0.38611111 | L32: 62 | M32: 0.46527778 | N32: 0.46666667 | O32: 59 | P32: 0.52916667 | Q32: 0.53055556 | R32: 53 | S32: 0.58819444 | T32: 0.58958333 | U32: 48 | V32: 0.62916667 | W32: 0.63125 | X32: 45 | Z32: 0.73194444 | AA32: 45 | AB32: 0.79027778 | AC32: 0.79236111 | AD32: 39 | AE32: 0.87708333 | AF32: 0.88333333 | AG32: 39 | AH32: 0.95763889 | AI32: 0.96180556 | AJ32: 39 | AK32: 0.0625 | AL32: 0.065972222 | AM32: 35 | AN32: 0.12152778 | AO32: 0.12777778 | AP32: 34 | AQ32: 0.19722222 | AR32: 0.20069444 | AS32: 30 | AT32: 0.29305556 | AU32: 0.29722222 | AV32: 31 | AW32: 0.37708333 | AX32: 0.37986111
B33: 550 | C33: 76 | D33: 0.26597222 | E33: 0.26666667 | I33: 82 | J33: 0.38819444 | K33: 0.39652778 | L33: 81 | M33: 0.47847222 | N33: 0.48055556 | O33: 76 | P33: 0.54513889 | Q33: 0.55416667 | R33: 78 | S33: 0.61666667 | T33: 0.61944444 | U33: 70 | V33: 0.6625 | W33: 0.67083333 | X33: 65 | Z33: 0.77013889 | AA33: 62 | AB33: 0.82222222 | AC33: 0.82361111 | AD33: 56 | AE33: 0.91388889 | AF33: 0.925 | AG33: 51 | AH33: 0.99791667 | AI33: 0.0034722222 | AJ33: 53 | AK33: 0.10555556 | AL33: 0.10763889 | AM33: 42 | AN33: 0.15416667 | AO33: 0.16041667 | AP33: 45 | AQ33: 0.23958333 | AR33: 0.24583333 | AS33: 41 | AT33: 0.32777778 | AU33: 0.32777778 | AV33: 32 | AW33: 0.38263889 | AX33: 0.38263889
B34: 527 | C34: 23 | D34: 0.25763889 | E34: 0.25833333 | F34: 20 | G34: 0.30625 | H34: 0.30625 | I34: 18 | J34: 0.3625 | K34: 0.36388889 | L34: 18 | M34: 0.43472222 | N34: 0.43611111 | O34: 19 | P34: 0.49444444 | Q34: 0.49583333 | R34: 21 | S34: 0.55416667 | T34: 0.55763889 | U34: 22 | V34: 0.59930556 | W34: 0.61111111 | X34: 30 | Z34: 0.70416667 | AA34: 31 | AB34: 0.76805556 | AC34: 0.77152778 | AD34: 32 | AE34: 0.85972222 | AF34: 0.87708333 | AG34: 35 | AH34: 0.94513889 | AI34: 0.94861111 | AJ34: 35 | AK34: 0.041666667 | AL34: 0.046527778 | AM34: 33 | AN34: 0.11111111 | AO34: 0.12152778 | AP34: 32 | AQ34: 0.19513889 | AR34: 0.20069444 | AS34: 35 | AT34: 0.31180556 | AU34: 0.31527778 | AV34: 33 | AW34: 0.38263889 | AX34: 0.38263889
B35: 530 | C35: 46 | D35: 0.26111111 | E35: 0.26180556 | F35: 40 | G35: 0.31319444 | H35: 0.31319444 | I35: 57 | J35: 0.37847222 | K35: 0.38055556 | L35: 49 | M35: 0.45694444 | N35: 0.45902778 | O35: 49 | P35: 0.52083333 | Q35: 0.52291667 | R35: 51 | S35: 0.5875 | T35: 0.58888889 | U35: 49 | V35: 0.63055556 | W35: 0.63402778 | X35: 48 | Z35: 0.73888889 | AA35: 49 | AB35: 0.8 | AC35: 0.80208333 | AD35: 50 | AE35: 0.90138889 | AF35: 0.91805556 | AG35: 47 | AH35: 0.99097222 | AI35: 0.99305556 | AJ35: 41 | AK35: 0.074305556 | AL35: 0.075694444 | AM35: 38 | AN35: 0.13472222 | AO35: 0.14305556 | AP35: 37 | AQ35: 0.2125 | AR35: 0.21736111 | AS35: 34 | AT35: 0.31041667 | AU35: 0.31180556 | AV35: 34 | AW35: 0.38263889 | AX35: 0.38333333
B36: 684 | C36: 121 | D36: 0.27013889 | E36: 0.27083333 | F36: 102 | G36: 0.32569444 | H36: 0.32569444 | I36: 66 | J36: 0.38541667 | K36: 0.3875 | L36: 53 | M36: 0.45972222 | N36: 0.46111111 | O36: 47 | P36: 0.51805556 | Q36: 0.52361111 | R36: 47 | S36: 0.58263889 | T36: 0.58541667 | U36: 46 | V36: 0.62361111 | W36: 0.6375 | X36: 42 | Z36: 0.72638889 | AA36: 36 | AB36: 0.77569444 | AC36: 0.78125 | AD36: 35 | AE36: 0.86458333 | AF36: 0.88333333 | AG36: 36 | AH36: 0.94513889 | AI36: 0.94930556 | AJ36: 31 | AK36: 0.034722222 | AL36: 0.038888889 | AM36: 28 | AN36: 0.097222222 | AO36: 0.11805556 | AP36: 28 | AQ36: 0.18055556 | AR36: 0.1875 | AS36: 32 | AT36: 0.29791667 | AU36: 0.30277778 | AV36: 35 | AW36: 0.38611111 | AX36: 0.38611111
B37: 507 | C37: 44 | D37: 0.26111111 | E37: 0.26180556 | F37: 32 | G37: 0.30763889 | H37: 0.30763889 | I37: 41 | J37: 0.37152778 | K37: 0.37847222 | L37: 52 | M37: 0.45972222 | N37: 0.46111111 | O37: 50 | P37: 0.52152778 | Q37: 0.525 | R37: 49 | S37: 0.58541667 | T37: 0.58819444 | U37: 47 | V37: 0.62777778 | W37: 0.63263889 | X37: 46 | Z37: 0.73333333 | AA37: 46 | AB37: 0.79375 | AC37: 0.8 | AD37: 45 | AE37: 0.88958333 | AF37: 0.90069444 | AG37: 41 | AH37: 0.97083333 | AI37: 0.97777778 | AJ37: 40 | AK37: 0.072916667 | AL37: 0.080555556 | AM37: 36 | AN37: 0.12986111 | AO37: 0.14305556 | AP37: 36 | AQ37: 0.21180556 | AR37: 0.21527778 | AS37: 36 | AT37: 0.31388889 | AU37: 0.31944444 | AV37: 36 | AW37: 0.39444444 | AX37: 0.39652778
B38: 645 | C38: 56 | D38: 0.26319444 | E38: 0.26388889 | F38: 72 | G38: 0.32083333 | H38: 0.32083333 | I38: 72 | J38: 0.38680556 | K38: 0.38958333 | L38: 61 | M38: 0.46458333 | N38: 0.46597222 | O38: 54 | P38: 0.525 | Q38: 0.52777778 | R38: 50 | S38: 0.5875 | T38: 0.59027778 | U38: 52 | V38: 0.63125 | W38: 0.64166667 | X38: 47 | Z38: 0.73402778 | AA38: 44 | AB38: 0.79027778 | AC38: 0.79375 | AD38: 40 | AE38: 0.87708333 | AF38: 0.88958333 | AG38: 38 | AH38: 0.94930556 | AI38: 0.95694444 | AJ38: 36 | AK38: 0.045138889 | AL38: 0.050694444 | AM38: 32 | AN38: 0.10902778 | AO38: 0.13333333 | AP38: 35 | AQ38: 0.2 | AR38: 0.20763889 | AS38: 33 | AT38: 0.30763889 | AU38: 0.32222222 | AV38: 37 | AW38: 0.39583333 | AX38: 0.39791667
B39: 511 | C39: 37 | D39: 0.26041667 | E39: 0.26180556 | F39: 22 | G39: 0.30625 | H39: 0.30625 | I39: 27 | J39: 0.36597222 | K39: 0.37013889 | L39: 36 | M39: 0.44652778 | N39: 0.44791667 | O39: 45 | P39: 0.51319444 | Q39: 0.51527778 | R39: 46 | S39: 0.57986111 | T39: 0.58125 | U39: 45 | V39: 0.62222222 | W39: 0.63194444 | X39: 50 | Z39: 0.74375 | AA39: 50 | AB39: 0.80277778 | AC39: 0.80763889 | AD39: 46 | AE39: 0.89166667 | AF39: 0.91111111 | AG39: 43 | AH39: 0.98055556 | AI39: 0.98680556 | AJ39: 42 | AK39: 0.076388889 | AL39: 0.080555556 | AM39: 37 | AN39: 0.13333333 | AO39: 0.15138889 | AP39: 38 | AQ39: 0.21458333 | AR39: 0.22152778 | AS39: 37 | AT39: 0.31666667 | AU39: 0.32638889 | AV39: 38 | AW39: 0.39791667 | AX39: 0.39930556
B40: 523 | C40: 114 | D40: 0.26944444 | E40: 0.27013889 | F40: 100 | G40: 0.32569444 | H40: 0.32569444 | I40: 81 | J40: 0.38819444 | K40: 0.39375 | L40: 70 | M40: 0.47222222 | N40: 0.47361111 | O40: 61 | P40: 0.51875 | Q40: 0.53680556 | R40: 58 | S40: 0.59583333 | T40: 0.6 | U40: 55 | V40: 0.64097222 | W40: 0.65555556 | X40: 57 | Z40: 0.75625 | AA40: 55 | AB40: 0.8125 | AC40: 0.82083333 | AD40: 51 | AE40: 0.90763889 | AF40: 0.91875 | AG40: 49 | AH40: 0.99305556 | AI40: 0.99930556 | AJ40: 48 | AK40: 0.097916667 | AL40: 0.10694444 | AM40: 43 | AN40: 0.15416667 | AO40: 0.16736111 | AP40: 41 | AQ40: 0.22986111 | AR40: 0.23680556 | AS40: 40 | AT40: 0.32777778 | AU40: 0.33541667 | AV40: 39 | AW40: 0.40277778 | AX40: 0.40347222
B41: 522 | C41: 87 | D41: 0.26666667 | E41: 0.26736111 | F41: 90 | G41: 0.32430556 | H41: 0.32430556 | I41: 94 | J41: 0.39375 | K41: 0.39652778 | L41: 87 | M41: 0.48263889 | N41: 0.48541667 | O41: 88 | P41: 0.55625 | Q41: 0.55833333 | R41: 95 | S41: 0.62986111 | T41: 0.63263889 | U41: 92 | V41: 0.68055556 | W41: 0.68611111 | X41: 81 | Z41: 0.78958333 | AA41: 80 | AB41: 0.85347222 | AC41: 0.85694444 | AD41: 74 | AE41: 0.94861111 | AF41: 0.95486111 | AG41: 66 | AH41: 0.022222222 | AI41: 0.025 | AJ41: 57 | AK41: 0.11388889 | AL41: 0.12013889 | AM41: 54 | AN41: 0.17847222 | AO41: 0.18402778 | AP41: 46 | AQ41: 0.24444444 | AR41: 0.24652778 | AS41: 42 | AT41: 0.3375 | AU41: 0.34027778 | AV41: 40 | AW41: 0.40763889 | AX41: 0.40902778
B42: 675 | C42: 94 | D42: 0.26736111 | E42: 0.26805556 | F42: 108 | G42: 0.32569444 | H42: 0.32569444 | I42: 88 | J42: 0.38958333 | K42: 0.39513889 | L42: 79 | M42: 0.47569444 | N42: 0.48055556 | O42: 77 | P42: 0.54652778 | Q42: 0.54791667 | R42: 65 | S42: 0.60625 | T42: 0.60763889 | U42: 64 | V42: 0.64930556 | W42: 0.65763889 | X42: 56 | Z42: 0.75347222 | AA42: 54 | AB42: 0.8125 | AC42: 0.81875 | AD42: 55 | AE42: 0.91111111 | AF42: 0.91875 | AG42: 46 | AH42: 0.99097222 | AI42: 0.99166667 | AJ42: 44 | AK42: 0.084027778 | AL42: 0.089583333 | AM42: 41 | AN42: 0.14375 | AO42: 0.15277778 | AP42: 39 | AQ42: 0.22291667 | AR42: 0.225 | AS42: 39 | AT42: 0.32777778 | AU42: 0.33472222 | AV42: 41 | AW42: 0.40763889 | AX42: 0.40833333
B43: 562 | C43: 42 | D43: 0.26041667 | E43: 0.26180556 | F43: 38 | G43: 0.31180556 | H43: 0.31180556 | I43: 49 | J43: 0.375 | K43: 0.38194444 | L43: 46 | M43: 0.45416667 | N43: 0.45555556 | O43: 46 | P43: 0.51319444 | Q43: 0.52013889 | R43: 45 | S43: 0.57847222 | T43: 0.58055556 | U43: 44 | V43: 0.62083333 | W43: 0.62777778 | X43: 40 | Z43: 0.725 | AA43: 41 | AB43: 0.78402778 | AC43: 0.78611111 | AD43: 36 | AE43: 0.86944444 | AF43: 0.87569444 | AG43: 30 | AH43: 0.93888889 | AI43: 0.94166667 | AJ43: 33 | AK43: 0.035416667 | AL43: 0.038194444 | AM43: 30 | AN43: 0.10555556 | AO43: 0.12083333 | AP43: 31 | AQ43: 0.19513889 | AR43: 0.19791667 | AS43: 38 | AT43: 0.31041667 | AU43: 0.32777778 | AV43: 42 | AW43: 0.40833333 | AX43: 0.40972222
B44: 642 | C44: 39 | D44: 0.26041667 | E44: 0.26180556 | F44: 37 | G44: 0.31180556 | H44: 0.31180556 | I44: 45 | J44: 0.37430556 | K44: 0.37638889 | L44: 50 | M44: 0.45902778 | N44: 0.46041667 | O44: 52 | P44: 0.52291667 | Q44: 0.525 | R44: 54 | S44: 0.58819444 | T44: 0.58958333 | U44: 54 | V44: 0.63333333 | W44: 0.63819444 | X44: 54 | Z44: 0.75138889 | AA44: 58 | AB44: 0.81527778 | AC44: 0.82152778 | AD44: 58 | AE44: 0.91666667 | AF44: 0.93055556 | AG44: 53 | AH44: 1 | AI44: 0.0076388889 | AJ44: 46 | AK44: 0.096527778 | AL44: 0.10555556 | AM44: 44 | AN44: 0.15555556 | AO44: 0.16805556 | AP44: 44 | AQ44: 0.23958333 | AR44: 0.24722222 | AS44: 43 | AT44: 0.33819444 | AU44: 0.34375 | AV44: 43 | AW44: 0.41180556 | AX44: 0.41180556
B45: 585 | C45: 144 | D45: 0.27152778 | E45: 0.27222222 | F45: 141 | G45: 0.33611111 | H45: 0.33611111 | I45: 147 | J45: 0.4125 | K45: 0.41944444 | L45: 129 | M45: 0.50416667 | N45: 0.50763889 | O45: 124 | P45: 0.57986111 | Q45: 0.58263889 | R45: 114 | S45: 0.64791667 | T45: 0.65069444 | U45: 105 | V45: 0.69583333 | W45: 0.7 | X45: 89 | Z45: 0.79583333 | AA45: 84 | AB45: 0.85555556 | AC45: 0.85555556 | AD45: 80 | AE45: 0.95208333 | AF45: 0.95625 | AG45: 71 | AH45: 0.029861111 | AI45: 0.03125 | AJ45: 60 | AK45: 0.13194444 | AL45: 0.13541667 | AM45: 57 | AN45: 0.19305556 | AO45: 0.19375 | AP45: 52 | AQ45: 0.26319444 | AR45: 0.26597222 | AS45: 47 | AT45: 0.34791667 | AU45: 0.34930556 | AV45: 44 | AW45: 0.42013889 | AX45: 0.42083333
B46: 663 | C46: 74 | D46: 0.26458333 | E46: 0.26527778 | F46: 91 | G46: 0.32430556 | H46: 0.32430556 | I46: 95 | J46: 0.39513889 | K46: 0.39722222 | L46: 95 | M46: 0.48541667 | N46: 0.48680556 | O46: 92 | P46: 0.55694444 | Q46: 0.55763889 | R46: 87 | S46: 0.625 | T46: 0.62708333 | U46: 85 | V46: 0.67430556 | W46: 0.67916667 | X46: 71 | Z46: 0.77847222 | AA46: 66 | AB46: 0.83680556 | AC46: 0.83888889 | AD46: 65 | AE46: 0.93402778 | AF46: 0.93819444 | AG46: 55 | AH46: 0.0090277778 | AI46: 0.011805556 | AJ46: 51 | AK46: 0.10416667 | AL46: 0.10486111 | AM46: 47 | AN46: 0.16458333 | AO46: 0.16875 | AP46: 43 | AQ46: 0.23888889 | AR46: 0.24027778 | AS46: 45 | AT46: 0.34444444 | AU46: 0.34652778 | AV46: 45 | AW46: 0.42222222 | AX46: 0.42291667
B47: 637 | C47: 73 | D47: 0.26458333 | E47: 0.26527778 | I47: 76 | J47: 0.38819444 | K47: 0.39097222 | L47: 72 | M47: 0.47361111 | N47: 0.47569444 | O47: 81 | P47: 0.55 | Q47: 0.55069444 | R47: 76 | S47: 0.61319444 | T47: 0.61458333 | U47: 68 | V47: 0.65972222 | W47: 0.6625 | X47: 64 | Z47: 0.76736111 | AA47: 65 | AB47: 0.83263889 | AC47: 0.84027778 | AD47: 68 | AE47: 0.93819444 | AF47: 0.94444444 | AG47: 58 | AH47: 0.013194444 | AI47: 0.015277778 | AJ47: 56 | AK47: 0.11111111 | AL47: 0.11388889 | AM47: 53 | AN47: 0.17430556 | AO47: 0.17777778 | AP47: 47 | AQ47: 0.24930556 | AR47: 0.25277778 | AS47: 48 | AT47: 0.35069444 | AU47: 0.35277778 | AV47: 46 | AW47: 0.42291667 | AX47: 0.42361111
B48: 713 | C48: 17 | D48: 0.25763889 | E48: 0.25833333 | F48: 19 | G48: 0.30486111 | H48: 0.30486111 | I48: 20 | J48: 0.36319444 | K48: 0.36527778 | L48: 16 | M48: 0.43333333 | N48: 0.43680556 | O48: 23 | P48: 0.49791667 | Q48: 0.50208333 | R48: 43 | S48: 0.57291667 | T48: 0.57569444 | U48: 50 | V48: 0.63125 | W48: 0.64652778 | X48: 51 | Z48: 0.74513889 | AA48: 51 | AB48: 0.80625 | AC48: 0.81041667 | AD48: 47 | AE48: 0.89444444 | AF48: 0.91458333 | AG48: 44 | AH48: 0.98333333 | AI48: 0.9875 | AJ48: 43 | AK48: 0.077083333 | AL48: 0.080555556 | AM48: 40 | AN48: 0.14166667 | AO48: 0.16111111 | AP48: 40 | AQ48: 0.22986111 | AR48: 0.23333333 | AS48: 44 | AT48: 0.34305556 | AU48: 0.34652778 | AV48: 47 | AW48: 0.42847222 | AX48: 0.42847222
B49: 709 | C49: 78 | D49: 0.26597222 | E49: 0.26666667 | F49: 98 | G49: 0.37291667 | H49: 0.37291667 | I49: 80 | J49: 0.38819444 | K49: 0.39097222 | L49: 68 | M49: 0.47083333 | N49: 0.47430556 | O49: 63 | P49: 0.5375 | Q49: 0.54166667 | R49: 64 | S49: 0.60625 | T49: 0.60833333 | U49: 72 | V49: 0.66319444 | W49: 0.67222222 | X49: 73 | Z49: 0.77916667 | AA49: 69 | AB49: 0.83888889 | AC49: 0.84305556 | AD49: 62 | AE49: 0.93125 | AF49: 0.94027778 | AG49: 57 | AH49: 0.011805556 | AI49: 0.01875 | AJ49: 55 | AK49: 0.11041667 | AL49: 0.11597222 | AM49: 50 | AN49: 0.17222222 | AO49: 0.18125 | AP49: 51 | AQ49: 0.25486111 | AR49: 0.25902778 | AS49: 49 | AT49: 0.35277778 | AU49: 0.35833333 | AV49: 48 | AW49: 0.43055556 | AX49: 0.43402778
B50: 546 | C50: 100 | D50: 0.26805556 | E50: 0.26875 | I50: 84 | J50: 0.38819444 | K50: 0.39166667 | L50: 69 | M50: 0.47222222 | N50: 0.47569444 | O50: 65 | P50: 0.53888889 | Q50: 0.54097222 | R50: 66 | S50: 0.60625 | T50: 0.60833333 | U50: 71 | V50: 0.66319444 | W50: 0.67083333 | X50: 72 | Z50: 0.77916667 | AA50: 70 | AB50: 0.83888889 | AC50: 0.84305556 | AD50: 63 | AE50: 0.93125 | AF50: 0.94027778 | AG50: 56 | AH50: 0.011805556 | AI50: 0.01875 | AJ50: 54 | AK50: 0.11041667 | AL50: 0.11597222 | AM50: 51 | AN50: 0.17222222 | AO50: 0.18125 | AP50: 50 | AQ50: 0.25486111 | AR50: 0.25902778 | AS50: 50 | AT50: 0.35347222 | AU50: 0.35833333 | AV50: 49 | AW50: 0.43055556 | AX50: 0.43402778
B51: 583 | C51: 98 | D51: 0.26805556 | E51: 0.26875 | F51: 93 | G51: 0.32430556 | H51: 0.32430556 | I51: 77 | J51: 0.38819444 | K51: 0.39027778 | L51: 67 | M51: 0.47083333 | N51: 0.47222222 | O51: 64 | P51: 0.53819444 | Q51: 0.53958333 | R51: 63 | S51: 0.60625 | T51: 0.60833333 | U51: 65 | V51: 0.65625 | W51: 0.66041667 | X51: 62 | Z51: 0.76180556 | AA51: 63 | AB51: 0.82222222 | AC51: 0.82638889 | AD51: 57 | AE51: 0.91527778 | AF51: 0.92708333 | AG51: 50 | AH51: 0.99583333 | AI51: 0.99930556 | AJ51: 47 | AK51: 0.097916667 | AL51: 0.099305556 | AM51: 46 | AN51: 0.16319444 | AO51: 0.16597222 | AP51: 42 | AQ51: 0.23263889 | AR51: 0.23472222 | AS51: 46 | AT51: 0.34444444 | AU51: 0.35277778 | AV51: 50 | AW51: 0.44236111 | AX51: 0.44930556
B52: 722 | C52: 64 | D52: 0.26319444 | E52: 0.26388889 | F52: 59 | G52: 0.31597222 | H52: 0.31597222 | I52: 71 | J52: 0.38611111 | K52: 0.39236111 | O52: 78 | P52: 0.54513889 | Q52: 0.55416667 | R52: 77 | S52: 0.61319444 | T52: 0.61805556 | U52: 73 | V52: 0.66388889 | W52: 0.67430556 | X52: 76 | Z52: 0.78125 | AA52: 71 | AB52: 0.83888889 | AC52: 0.84375 | AD52: 66 | AE52: 0.93541667 | AF52: 0.94722222 | AG52: 60 | AH52: 0.014583333 | AI52: 0.020833333 | AJ52: 58 | AK52: 0.11388889 | AL52: 0.11944444 | AM52: 52 | AN52: 0.17291667 | AO52: 0.18263889 | AP52: 48 | AQ52: 0.25069444 | AR52: 0.25902778 | AS52: 52 | AT52: 0.35763889 | AU52: 0.36666667 | AV52: 51 | AW52: 0.44375 | AX52: 0.44791667
B53: 565 | F53: 46 | G53: 0.31388889 | H53: 0.31388889 | I53: 12 | J53: 8::27 | K53: 0.35416667 | L53: 11 | M53: 0.42083333 | N53: 0.42291667 | O53: 10 | P53: 0.475 | Q53: 0.47777778 | R53: 9 | S53: 0.53055556 | T53: 0.53333333 | U53: 11 | V53: 0.57430556 | W53: 0.58680556 | X53: 23 | Z53: 0.69652778 | AA53: 25 | AB53: 0.75 | AC53: 0.75416667 | AD53: 25 | AE53: 0.83125 | AF53: 0.93333333 | AG53: 54 | AH53: 0.0034722222 | AI53: 0.0076388889 | AJ53: 52 | AK53: 0.10416667 | AL53: 0.10833333 | AM53: 48 | AN53: 0.16527778 | AO53: 0.18333333 | AP53: 49 | AQ53: 0.25347222 | AR53: 0.26319444 | AS53: 51 | AT53: 0.35625 | AU53: 0.36736111 | AV53: 52 | AW53: 0.44722222 | AX53: 0.44861111
B54: 703 | C54: 18 | D54: 0.25763889 | E54: 0.25833333 | F54: 26 | G54: 0.30694444 | H54: 0.30694444 | I54: 29 | J54: 0.36666667 | K54: 0.37291667 | L54: 26 | M54: 0.44166667 | N54: 0.44305556 | O54: 35 | P54: 0.50694444 | Q54: 0.50833333 | R54: 36 | S54: 0.56805556 | T54: 0.56944444 | U54: 41 | V54: 0.61388889 | W54: 0.61736111 | X54: 37 | Z54: 0.72083333 | AA54: 39 | AB54: 0.78194444 | AC54: 0.78680556 | AD54: 49 | AE54: 0.89930556 | AF54: 0.94305556 | AG54: 64 | AH54: 0.021527778 | AI54: 0.026388889 | AJ54: 74 | AK54: 0.14722222 | AL54: 0.15486111 | AM54: 64 | AN54: 0.21458333 | AO54: 0.22152778 | AP54: 63 | AQ54: 0.29652778 | AR54: 0.30347222 | AS54: 58 | AT54: 0.40069444 | AU54: 0.40486111 | AV54: 53 | AW54: 0.475 | AX54: 0.47638889
B55: 719 | C55: 86 | D55: 0.26666667 | E55: 0.26736111 | F55: 105 | G55: 0.32569444 | H55: 0.32569444 | I55: 99 | J55: 0.39652778 | K55: 0.40138889 | L55: 100 | M55: 0.48888889 | N55: 0.49305556 | O55: 98 | P55: 0.56111111 | Q55: 0.56458333 | R55: 93 | S55: 0.62847222 | T55: 0.63333333 | U55: 94 | V55: 0.68055556 | W55: 0.69791667 | X55: 87 | Z55: 0.79305556 | AA55: 78 | AB55: 0.85208333 | AC55: 0.85347222 | AD55: 82 | AE55: 0.95277778 | AF55: 0.96875 | AG55: 77 | AH55: 0.039583333 | AI55: 0.043055556 | AJ55: 70 | AK55: 0.14166667 | AL55: 0.14652778 | AM55: 63 | AN55: 0.2125 | AO55: 0.22430556 | AP55: 61 | AQ55: 0.29375 | AR55: 0.29861111 | AS55: 56 | AT55: 0.39861111 | AU55: 0.40347222 | AV55: 54 | AW55: 0.47916667 | AX55: 0.48055556
B56: 549 | C56: 106 | D56: 0.26944444 | E56: 0.27013889 | I56: 104 | J56: 0.39722222 | K56: 0.40208333 | L56: 96 | M56: 0.48541667 | N56: 0.48888889 | O56: 87 | P56: 0.55486111 | Q56: 0.55694444 | R56: 84 | S56: 0.62430556 | T56: 0.62708333 | U56: 90 | V56: 0.67986111 | W56: 0.68680556 | X56: 77 | Z56: 0.78194444 | AA56: 77 | AB56: 0.85138889 | AC56: 0.84513889 | AD56: 70 | AE56: 0.94166667 | AF56: 0.95486111 | AG56: 65 | AH56: 0.021527778 | AI56: 0.024305556 | AJ56: 59 | AK56: 0.12152778 | AL56: 0.12569444 | AM56: 56 | AN56: 0.19166667 | AO56: 0.20208333 | AP56: 54 | AQ56: 0.27083333 | AR56: 0.27638889 | AS56: 53 | AT56: 0.39513889 | AU56: 0.4 | AV56: 55 | AW56: 0.48055556 | AX56: 0.48194444
B57: 665 | C57: 159 | D57: 0.27430556 | E57: 0.275 | I57: 169 | J57: 0.42222222 | K57: 0.42986111 | L57: 161 | M57: 0.52708333 | N57: 0.53125 | O57: 162 | P57: 0.60625 | Q57: 0.60972222 | R57: 151 | S57: 0.68125 | T57: 0.68472222 | U57: 151 | V57: 0.73958333 | W57: 0.75625 | X57: 141 | Z57: 0.86736111 | AA57: 145 | AB57: 0.94444444 | AC57: 0.95 | AD57: 141 | AE57: 0.06875 | AF57: 0.095138889 | AG57: 129 | AH57: 0.15833333 | AI57: 0.16041667 | AJ57: 118 | AK57: 0.25208333 | AL57: 0.25347222 | AM57: 109 | AN57: 0.30763889 | AO57: 0.31527778 | AP57: 98 | AQ57: 0.36666667 | AR57: 0.37083333 | AS57: 70 | AT57: 0.43958333 | AU57: 0.44166667 | AV57: 56 | AW57: 0.48958333 | AX57: 0.49027778
B58: 547 | C58: 107 | D58: 0.26944444 | E58: 0.27013889 | F58: 87 | G58: 0.32430556 | H58: 0.32430556 | I58: 102 | J58: 0.39652778 | K58: 0.40208333 | L58: 97 | M58: 0.48541667 | N58: 0.48888889 | O58: 86 | P58: 0.55486111 | Q58: 0.55694444 | R58: 85 | S58: 0.625 | T58: 0.62708333 | U58: 91 | V58: 0.67986111 | W58: 0.68680556 | X58: 78 | Z58: 0.78194444 | AA58: 76 | AB58: 0.84027778 | AC58: 0.84513889 | AD58: 72 | AE58: 0.94583333 | AF58: 0.95277778 | AG58: 67 | AH58: 0.024305556 | AI58: 0.027083333 | AJ58: 61 | AK58: 0.13194444 | AL58: 0.13541667 | AM58: 60 | AN58: 0.20208333 | AO58: 0.20833333 | AP58: 57 | AQ58: 0.27916667 | AR58: 0.28194444 | AS58: 54 | AT58: 0.39652778 | AU58: 0.4 | AV58: 57 | AW58: 0.49097222 | AX58: 0.49236111
B59: 651 | C59: 123 | D59: 0.27013889 | E59: 0.27083333 | F59: 70 | G59: 0.32083333 | H59: 0.32083333 | I59: 67 | J59: 0.38541667 | K59: 0.39305556 | L59: 73 | M59: 0.47361111 | N59: 0.475 | O59: 74 | P59: 0.54513889 | Q59: 0.54722222 | R59: 75 | S59: 0.6125 | T59: 0.61319444 | U59: 66 | V59: 0.65625 | W59: 0.67222222 | X59: 66 | Z59: 0.77152778 | AA59: 67 | AB59: 0.8375 | AC59: 0.83958333 | AD59: 67 | AE59: 0.9375 | AF59: 0.94791667 | AG59: 70 | AH59: 0.028472222 | AI59: 0.031944444 | AJ59: 65 | AK59: 0.13333333 | AL59: 0.13472222 | AM59: 59 | AN59: 0.20138889 | AO59: 0.21527778 | AP59: 60 | AQ59: 0.29375 | AR59: 0.29513889 | AS59: 55 | AT59: 0.39791667 | AU59: 0.40625 | AV59: 58 | AW59: 0.49305556 | AX59: 0.49513889
B60: 647 | C60: 112 | D60: 0.26944444 | E60: 0.27013889 | F60: 107 | G60: 0.32569444 | H60: 0.32569444 | I60: 93 | J60: 0.39375 | K60: 0.39861111 | L60: 89 | M60: 0.48402778 | N60: 0.4875 | O60: 93 | P60: 0.55694444 | Q60: 0.55972222 | R60: 89 | S60: 0.625 | T60: 0.62916667 | U60: 83 | V60: 0.67430556 | W60: 0.68958333 | X60: 92 | Z60: 0.79722222 | AA60: 90 | AB60: 0.85972222 | AC60: 0.86458333 | AD60: 90 | AE60: 0.97361111 | AF60: 0.0034722222 | AG60: 91 | AH60: 0.078472222 | AI60: 0.083333333 | AJ60: 88 | AK60: 0.1875 | AL60: 0.19930556 | AM60: 78 | AN60: 0.25694444 | AO60: 0.27430556 | AP60: 80 | AQ60: 0.34027778 | AR60: 0.34444444 | AS60: 66 | AT60: 0.42847222 | AU60: 0.42986111 | AV60: 59 | AW60: 0.49305556 | AX60: 0.49513889
B61: 536 | C61: 63 | D61: 0.26319444 | E61: 0.26388889 | F61: 52 | G61: 0.31458333 | H61: 0.31458333 | I61: 36 | J61: 0.37083333 | K61: 0.37638889 | L61: 35 | M61: 0.44583333 | N61: 0.44791667 | O61: 30 | P61: 0.50347222 | Q61: 0.50625 | R61: 26 | S61: 0.56041667 | T61: 0.5625 | U61: 24 | V61: 0.6 | W61: 0.61458333 | X61: 32 | Z61: 0.7125 | AA61: 32 | AB61: 0.76944444 | AC61: 0.77361111 | AD61: 44 | AE61: 0.88680556 | AF61: 0.91388889 | AG61: 45 | AH61: 0.98541667 | AI61: 0.98819444 | AJ61: 49 | AK61: 0.098611111 | AL61: 0.10694444 | AM61: 45 | AN61: 0.15694444 | AO61: 0.17916667 | AP61: 53 | AQ61: 0.26527778 | AR61: 0.27708333 | AS61: 57 | AT61: 0.40069444 | AU61: 0.41805556 | AV61: 60 | AW61: 0.49305556 | AX61: 0.49513889
B62: 727 | C62: 77 | D62: 0.26597222 | E62: 0.26666667 | I62: 83 | J62: 0.38819444 | K62: 0.39652778 | L62: 82 | M62: 0.47847222 | N62: 0.48055556 | O62: 75 | P62: 0.54513889 | Q62: 0.55416667 | R62: 79 | S62: 0.61666667 | T62: 0.61944444 | U62: 76 | V62: 0.66736111 | W62: 0.67222222 | X62: 68 | Z62: 0.77777778 | AA62: 74 | AB62: 0.84027778 | AC62: 0.84305556 | AD62: 71 | AE62: 0.94583333 | AF62: 0.95833333 | AG62: 73 | AH62: 0.030555556 | AI62: 0.0375 | AJ62: 71 | AK62: 0.14444444 | AL62: 0.14930556 | AM62: 67 | AN62: 0.21805556 | AO62: 0.23888889 | AP62: 65 | AQ62: 0.30972222 | AR62: 0.32152778 | AS62: 64 | AT62: 0.42013889 | AU62: 0.42569444 | AV62: 61 | AW62: 0.49583333 | AX62: 0.49722222
B63: 638 | C63: 161 | D63: 0.27430556 | E63: 0.275 | I63: 140 | J63: 0.40972222 | K63: 0.41319444 | L63: 113 | M63: 0.49861111 | N63: 0.50069444 | O63: 106 | P63: 0.56875 | Q63: 0.57152778 | R63: 101 | S63: 0.63680556 | T63: 0.63958333 | U63: 97 | V63: 0.68541667 | W63: 0.68958333 | X63: 86 | Z63: 0.79305556 | AA63: 87 | AB63: 0.85694444 | AC63: 0.86041667 | AD63: 83 | AE63: 0.95694444 | AF63: 0.96875 | AG63: 81 | AH63: 0.045138889 | AI63: 0.047222222 | AJ63: 73 | AK63: 0.14652778 | AL63: 0.14861111 | AM63: 65 | AN63: 0.21458333 | AO63: 0.22222222 | AP63: 62 | AQ63: 0.29444444 | AR63: 0.29652778 | AS63: 62 | AT63: 0.40763889 | AU63: 0.40902778 | AV63: 62 | AW63: 0.50208333 | AX63: 0.50347222
B64: 617 | C64: 82 | D64: 0.26597222 | E64: 0.26666667 | F64: 81 | G64: 0.32152778 | H64: 0.32152778 | I64: 69 | J64: 0.38611111 | K64: 0.38819444 | L64: 58 | M64: 0.4625 | N64: 0.46527778 | O64: 56 | P64: 0.52777778 | Q64: 0.53055556 | R64: 52 | S64: 0.58819444 | T64: 0.58958333 | U64: 51 | V64: 0.63125 | W64: 0.6375 | X64: 49 | Z64: 0.74236111 | AA64: 52 | AB64: 0.80625 | AC64: 0.8125 | AD64: 52 | AE64: 0.90763889 | AF64: 0.91944444 | AG64: 48 | AH64: 0.99305556 | AI64: 1 | AJ64: 50 | AK64: 0.10277778 | AL64: 0.10833333 | AM64: 55 | AN64: 0.18472222 | AO64: 0.18819444 | AP64: 56 | AQ64: 0.27638889 | AR64: 0.28541667 | AS64: 59 | AT64: 0.40138889 | AU64: 0.40972222 | AV64: 63 | AW64: 0.50208333 | AX64: 0.50486111
B65: 575 | C65: 91 | D65: 0.26736111 | E65: 0.26805556 | F65: 119 | G65: 0.32986111 | H65: 0.32986111 | I65: 100 | J65: 0.39652778 | K65: 0.4 | L65: 92 | M65: 0.48402778 | N65: 0.48819444 | O65: 94 | P65: 0.55694444 | Q65: 0.55902778 | R65: 96 | S65: 0.62986111 | T65: 0.63333333 | U65: 95 | V65: 0.68125 | W65: 0.6875 | X65: 82 | Z65: 0.79027778 | AA65: 83 | AB65: 0.85486111 | AC65: 0.85763889 | AD65: 81 | AE65: 0.95277778 | AF65: 0.96180556 | AG65: 72 | AH65: 0.030555556 | AI65: 0.034722222 | AJ65: 63 | AK65: 0.13263889 | AL65: 0.1375 | AM65: 58 | AN65: 0.20138889 | AO65: 0.2125 | AP65: 58 | AQ65: 0.28541667 | AR65: 0.29097222 | AS65: 61 | AT65: 0.40625 | AU65: 0.41666667 | AV65: 64 | AW65: 0.50208333 | AX65: 0.50486111
B66: 687 | C66: 65 | D66: 0.26319444 | E66: 0.26388889 | F66: 56 | G66: 0.31458333 | H66: 0.31458333 | I66: 43 | J66: 0.37291667 | K66: 0.37847222 | L66: 42 | M66: 0.45 | N66: 0.45277778 | O66: 39 | P66: 0.50972222 | Q66: 12"17 | R66: 39 | S66: 0.57013889 | T66: 0.57083333 | U66: 36 | V66: 0.61111111 | W66: 0.625 | X66: 38 | Z66: 0.72152778 | AA66: 40 | AB66: 0.78194444 | AC66: 0.78680556 | AD66: 42 | AE66: 0.87847222 | AF66: 0.89722222 | AG66: 40 | AH66: 0.97013889 | AI66: 0.97638889 | AJ66: 45 | AK66: 0.086111111 | AL66: 0.090277778 | AM66: 49 | AN66: 0.16597222 | AO66: 0.18958333 | AP66: 55 | AQ66: 0.27430556 | AR66: 0.28402778 | AS66: 60 | AT66: 0.40416667 | AU66: 0.40833333 | AV66: 65 | AW66: 0.50833333 | AX66: 0.51111111
B67: 653 | C67: 41 | D67: 0.26041667 | E67: 0.26180556 | F67: 45 | G67: 0.31388889 | H67: 0.31388889 | I67: 47 | J67: 0.375 | K67: 0.38125 | L67: 54 | M67: 0.46111111 | N67: 0.46527778 | O67: 60 | P67: 0.53125 | Q67: 0.53680556 | R67: 61 | S67: 0.59861111 | T67: 0.60208333 | U67: 62 | V67: 0.64583333 | W67: 0.65972222 | X67: 63 | Z67: 0.76458333 | AA67: 64 | AB67: 0.82777778 | AC67: 0.83263889 | AD67: 64 | AE67: 0.93125 | AF67: 0.94652778 | AG67: 69 | AH67: 0.024305556 | AI67: 0.031944444 | AJ67: 69 | AK67: 0.14097222 | AL67: 0.15277778 | AM67: 66 | AN67: 0.21666667 | AO67: 0.22916667 | AP67: 66 | AQ67: 0.31388889 | AR67: 0.32013889 | AS67: 65 | AT67: 0.42430556 | AU67: 0.43055556 | AV67: 66 | AW67: 0.51527778 | AX67: 0.51805556
B68: 730 | C68: 59 | D68: 0.26319444 | E68: 0.26388889 | F68: 66 | G68: 0.31875 | H68: 0.31875 | I68: 70 | J68: 0.38611111 | K68: 0.39027778 | L68: 74 | M68: 0.47430556 | N68: 0.47777778 | O68: 84 | P68: 0.55208333 | Q68: 0.55486111 | R68: 91 | S68: 0.62777778 | T68: 0.62847222 | U68: 100 | V68: 0.69097222 | W68: 0.70763889 | X68: 102 | Z68: 0.81597222 | AA68: 98 | AB68: 0.88194444 | AC68: 0.88263889 | AD68: 95 | AE68: 0.98472222 | AF68: 0.99791667 | AG68: 85 | AH68: 0.064583333 | AI68: 0.069444444 | AJ68: 84 | AK68: 0.17708333 | AL68: 0.18125 | AM68: 82 | AN68: 0.26388889 | AO68: 0.28680556 | AP68: 86 | AQ68: 0.35069444 | AR68: 0.35277778 | AS68: 74 | AT68: 0.44583333 | AU68: 0.44861111 | AV68: 67 | AW68: 0.51805556 | AX68: 0.51944444
B69: 737 | C69: 154 | D69: 0.27430556 | E69: 0.275 | F69: 155 | G69: 0.33819444 | H69: 0.33819444 | I69: 139 | J69: 0.40972222 | K69: 0.4125 | L69: 133 | M69: 0.50486111 | N69: 0.50625 | O69: 134 | P69: 0.58125 | Q69: 0.58611111 | R69: 131 | S69: 0.65833333 | T69: 0.65972222 | U69: 123 | V69: 0.71041667 | W69: 0.71875 | X69: 106 | Z69: 0.82291667 | AA69: 106 | AB69: 0.89166667 | AC69: 0.89027778 | AD69: 96 | AE69: 0.98819444 | AF69: 0.99652778 | AG69: 89 | AH69: 0.070833333 | AI69: 0.072916667 | AJ69: 80 | AK69: 0.16805556 | AL69: 0.16666667 | AM69: 70 | AN69: 0.23055556 | AO69: 0.24166667 | AP69: 67 | AQ69: 0.31805556 | AR69: 0.32222222 | AS69: 68 | AT69: 0.43194444 | AU69: 0.43541667 | AV69: 68 | AW69: 0.51944444 | AX69: 0.51944444
B70: 564 | C70: 61 | D70: 0.26319444 | E70: 0.26388889 | I70: 51 | J70: 0.37638889 | K70: 0.38055556 | L70: 48 | M70: 0.45555556 | N70: 0.45763889 | O70: 48 | P70: 0.51944444 | Q70: 0.52430556 | R70: 48 | S70: 0.58472222 | T70: 0.5875 | U70: 59 | V70: 0.64236111 | W70: 0.65138889 | X70: 61 | Z70: 0.76041667 | AA70: 61 | AB70: 0.81944444 | AC70: 0.82152778 | AD70: 61 | AE70: 0.93125 | AF70: 0.95138889 | AG70: 68 | AH70: 0.024305556 | AI70: 0.027083333 | AJ70: 62 | AK70: 0.13194444 | AL70: 0.13611111 | AM70: 61 | AN70: 0.20208333 | AO70: 0.21111111 | AP70: 59 | AQ70: 0.29236111 | AR70: 0.30208333 | AS70: 63 | AT70: 0.41805556 | AU70: 0.42847222 | AV70: 69 | AW70: 0.51944444 | AX70: 0.52222222
B71: 519 | C71: 133 | D71: 0.27152778 | E71: 0.27222222 | F71: 125 | G71: 0.33194444 | H71: 0.33194444 | I71: 96 | J71: 0.39583333 | K71: 0.40138889 | L71: 105 | M71: 0.49166667 | N71: 0.49444444 | O71: 100 | P71: 0.5625 | Q71: 0.56458333 | R71: 97 | S71: 0.63055556 | T71: 0.63263889 | U71: 89 | V71: 0.67986111 | W71: 0.69444444 | X71: 90 | Z71: 0.79722222 | AA71: 82 | AB71: 0.85347222 | AC71: 0.85555556 | AD71: 77 | AE71: 0.94861111 | AF71: 0.96736111 | AG71: 82 | AH71: 0.047222222 | AI71: 0.051388889 | AJ71: 78 | AK71: 0.15486111 | AL71: 0.16319444 | AM71: 73 | AN71: 0.23819444 | AO71: 0.26875 | AP71: 72 | AQ71: 0.32777778 | AR71: 0.33263889 | AS71: 69 | AT71: 0.43958333 | AU71: 0.44444444 | AV71: 70 | AW71: 0.52152778 | AX71: 0.52152778
B72: 626 | C72: 139 | D72: 0.27152778 | E72: 0.27222222 | F72: 129 | G72: 0.33263889 | H72: 0.33263889 | I72: 151 | J72: 0.41319444 | K72: 0.41805556 | L72: 137 | M72: 0.50555556 | N72: 0.50763889 | O72: 127 | P72: 0.57986111 | Q72: 0.58333333 | R72: 110 | S72: 0.64791667 | T72: 0.65069444 | U72: 106 | V72: 0.69791667 | W72: 0.70625 | X72: 100 | Z72: 0.81458333 | AA72: 100 | AB72: 0.88472222 | AC72: 0.8875 | AD72: 98 | AE72: 0.99305556 | AF72: 0 | AG72: 97 | AH72: 0.0875 | AI72: 0.094444444 | AJ72: 102 | AK72: 0.20347222 | AL72: 0.20694444 | AM72: 93 | AN72: 0.27361111 | AO72: 0.27916667 | AP72: 85 | AQ72: 0.34930556 | AR72: 0.35208333 | AS72: 75 | AT72: 0.45069444 | AU72: 0.45347222 | AV72: 71 | AW72: 0.53055556 | AX72: 0.53125
B73: 604 | C73: 32 | D73: 0.25972222 | E73: 0.26041667 | F73: 35 | G73: 0.31111111 | H73: 0.31111111 | I73: 50 | J73: 0.37638889 | K73: 0.38055556 | L73: 65 | M73: 0.47013889 | N73: 0.47222222 | O73: 71 | P73: 0.54305556 | Q73: 0.54513889 | R73: 74 | S73: 0.61111111 | T73: 0.61319444 | U73: 69 | V73: 0.66111111 | W73: 0.66875 | X73: 67 | Z73: 0.77430556 | AA73: 73 | AB73: 0.83958333 | AC73: 0.84166667 | AD73: 75 | AE73: 0.94861111 | AF73: 0.95902778 | AG73: 75 | AH73: 0.035416667 | AI73: 0.0375 | AJ73: 75 | AK73: 0.15416667 | AL73: 0.15833333 | AM73: 71 | AN73: 0.23402778 | AO73: 0.24583333 | AP73: 70 | AQ73: 0.32361111 | AR73: 0.32569444 | AS73: 72 | AT73: 0.44236111 | AU73: 0.44513889 | AV73: 72 | AW73: 0.53055556 | AX73: 0.53194444
B74: 714 | C74: 124 | D74: 0.27013889 | E74: 0.27083333 | F74: 137 | G74: 0.33402778 | H74: 0.33402778 | I74: 156 | J74: 0.41388889 | K74: 0.42152778 | L74: 155 | M74: 0.51666667 | N74: 0.52222222 | O74: 151 | P74: 0.59444444 | Q74: 0.60069444 | R74: 134 | S74: 0.66319444 | T74: 0.66666667 | U74: 127 | V74: 0.71180556 | W74: 0.72222222 | X74: 118 | Z74: 0.84097222 | AA74: 115 | AB74: 0.90833333 | AC74: 0.91111111 | AD74: 110 | AE74: 0.020833333 | AF74: 0.03125 | AG74: 109 | AH74: 0.11111111 | AI74: 0.12013889 | AJ74: 105 | AK74: 0.21666667 | AL74: 0.22291667 | AM74: 97 | AN74: 0.27916667 | AO74: 0.29236111 | AP74: 95 | AQ74: 0.3625 | AR74: 0.36875 | AS74: 86 | AT74: 0.4625 | AU74: 0.46736111 | AV74: 73 | AW74: 0.53263889 | AX74: 0.53472222
B75: 569 | C75: 85 | D75: 0.26597222 | E75: 0.26666667 | F75: 79 | G75: 0.32083333 | H75: 0.32083333 | I75: 74 | J75: 0.3875 | K75: 0.39097222 | L75: 71 | M75: 0.47291667 | N75: 0.475 | O75: 67 | P75: 0.54027778 | Q75: 0.54513889 | R75: 72 | S75: 0.60972222 | T75: 0.61180556 | U75: 74 | V75: 0.66458333 | W75: 0.67361111 | X75: 69 | Z75: 0.77777778 | AA75: 75 | AB75: 0.84027778 | AC75: 0.84444444 | AD75: 79 | AE75: 0.94930556 | AF75: 0.96388889 | AG75: 78 | AH75: 0.039583333 | AI75: 0.042361111 | AJ75: 76 | AK75: 0.15416667 | AL75: 0.15833333 | AM75: 72 | AN75: 0.23402778 | AO75: 0.24652778 | AP75: 69 | AQ75: 0.32013889 | AR75: 0.32361111 | AS75: 71 | AT75: 0.43958333 | AU75: 0.44305556 | AV75: 74 | AW75: 0.53333333 | AX75: 0.53402778
B76: 538 | C76: 122 | D76: 0.27013889 | E76: 0.27083333 | F76: 127 | G76: 0.33263889 | H76: 0.33263889 | I76: 136 | J76: 0.40833333 | K76: 0.41597222 | L76: 131 | M76: 0.50486111 | N76: 0.50972222 | O76: 123 | P76: 0.57986111 | Q76: 0.58333333 | R76: 119 | S76: 0.65347222 | T76: 0.66041667 | U76: 117 | V76: 0.70625 | W76: 0.71875 | X76: 109 | Z76: 0.82777778 | AA76: 107 | AB76: 0.89236111 | AC76: 0.89652778 | AD76: 104 | AE76: 0.0034722222 | AF76: 0.026388889 | AG76: 103 | AH76: 0.098611111 | AI76: 0.10486111 | AJ76: 93 | AK76: 0.20069444 | AL76: 0.20555556 | AM76: 87 | AN76: 0.26805556 | AO76: 0.28402778 | AP76: 84 | AQ76: 0.34930556 | AR76: 0.35277778 | AS76: 79 | AT76: 0.45347222 | AU76: 0.45833333 | AV76: 75 | AW76: 0.53472222 | AX76: 0.53611111
B77: 577 | C77: 117 | D77: 0.26944444 | E77: 0.27013889 | I77: 134 | J77: 0.40833333 | K77: 0.41111111 | L77: 134 | M77: 0.50486111 | N77: 0.50694444 | O77: 128 | P77: 0.57986111 | Q77: 0.58263889 | R77: 127 | S77: 0.65625 | T77: 0.65833333 | U77: 116 | V77: 0.70625 | W77: 0.71319444 | X77: 107 | Z77: 0.82430556 | AA77: 108 | AB77: 0.89236111 | AC77: 0.89513889 | AD77: 103 | AE77: 0.0034722222 | AF77: 0.010416667 | AG77: 94 | AH77: 0.084027778 | AI77: 0.085416667 | AJ77: 90 | AK77: 0.19236111 | AL77: 0.19444444 | AM77: 79 | AN77: 0.25833333 | AO77: 0.26875 | AP77: 76 | AQ77: 0.3375 | AR77: 0.34166667 | AS77: 80 | AT77: 0.45347222 | AU77: 0.45694444 | AV77: 76 | AW77: 0.53472222 | AX77: 0.53541667
B78: 631 | C78: 33 | D78: 0.25972222 | E78: 0.26041667 | F78: 31 | G78: 0.30694444 | H78: 0.30694444 | I78: 32 | J78: 0.36875 | K78: 0.37083333 | L78: 45 | M78: 0.45347222 | N78: 0.45555556 | O78: 51 | P78: 0.52222222 | Q78: 0.52430556 | R78: 56 | S78: 0.59097222 | T78: 0.59236111 | U78: 58 | V78: 0.64166667 | W78: 0.64583333 | X78: 55 | Z78: 0.75208333 | AA78: 59 | AB78: 0.81736111 | AC78: 0.82152778 | AD78: 59 | AE78: 0.92083333 | AF78: 0.94236111 | AG78: 63 | AH78: 0.019444444 | AI78: 0.029166667 | AJ78: 64 | AK78: 0.13263889 | AL78: 0.14305556 | AM78: 68 | AN78: 0.22152778 | AO78: 0.25347222 | AP78: 71 | AQ78: 0.32430556 | AR78: 0.32986111 | AS78: 73 | AT78: 0.44236111 | AU78: 0.44791667 | AV78: 77 | AW78: 0.53472222 | AX78: 0.53611111
B79: 734 | C79: 89 | D79: 0.26736111 | E79: 0.26805556 | F79: 67 | G79: 0.31875 | H79: 0.31875 | I79: 65 | J79: 0.38472222 | K79: 0.38819444 | L79: 66 | M79: 0.47013889 | N79: 0.47222222 | O79: 68 | P79: 0.54097222 | Q79: 0.54513889 | R79: 69 | S79: 0.60763889 | T79: 0.61666667 | U79: 67 | V79: 0.65694444 | W79: 0.66666667 | X79: 80 | Z79: 0.78611111 | AA79: 85 | AB79: 0.85625 | AC79: 0.8625 | AD79: 84 | AE79: 0.96875 | AF79: 0.99097222 | AG79: 88 | AH79: 0.070138889 | AI79: 0.077777778 | AJ79: 85 | AK79: 0.18333333 | AL79: 0.2 | AM79: 80 | AN79: 0.25972222 | AO79: 0.26666667 | AP79: 77 | AQ79: 0.33819444 | AR79: 0.34444444 | AS79: 77 | AT79: 0.45208333 | AU79: 0.45972222 | AV79: 78 | AW79: 0.54027778 | AX79: 0.044444444
B80: 509 | C80: 69 | D80: 0.26388889 | E80: 0.26458333 | F80: 55 | G80: 0.31458333 | H80: 0.31458333 | I80: 52 | J80: 0.37638889 | K80: 0.37986111 | L80: 57 | M80: 0.46180556 | N80: 0.46319444 | O80: 58 | P80: 0.52777778 | Q80: 0.53055556 | R80: 60 | S80: 0.59722222 | T80: 0.59930556 | U80: 57 | V80: 0.64166667 | W80: 0.65347222 | X80: 79 | Z80: 0.78402778 | AA80: 79 | AB80: 0.85347222 | AC80: 0.85486111 | AD80: 87 | AE80: 0.97013889 | AF80: 0.99166667 | AG80: 87 | AH80: 0.069444444 | AI80: 0.071527778 | AJ80: 82 | AK80: 0.17152778 | AL80: 0.17361111 | AM80: 74 | AN80: 0.23819444 | AO80: 0.25902778 | AP80: 78 | AQ80: 0.33958333 | AR80: 0.34583333 | AS80: 81 | AT80: 0.45555556 | AU80: 0.45833333 | AV80: 79 | AW80: 0.045138889 | AX80: 0.045138889
B81: 518 | C81: 150 | D81: 0.27430556 | E81: 0.275 | F81: 139 | G81: 0.33611111 | H81: 0.33611111 | I81: 135 | J81: 0.40833333 | K81: 0.41666667 | L81: 130 | M81: 0.50416667 | N81: 0.50555556 | O81: 119 | P81: 0.57916667 | Q81: 0.58125 | R81: 109 | S81: 0.64791667 | T81: 0.64930556 | U81: 107 | V81: 0.69791667 | W81: 0.70486111 | X81: 103 | Z81: 0.81666667 | AA81: 105 | AB81: 0.88888889 | AC81: 0.89097222 | AD81: 102 | AE81: 0.0013888889 | AF81: 0.010416667 | AG81: 100 | AH81: 0.097222222 | AI81: 0.10208333 | AJ81: 103 | AK81: 0.21041667 | AL81: 0.21041667 | AM81: 90 | AN81: 0.27013889 | AO81: 0.28125 | AP81: 89 | AQ81: 0.35555556 | AR81: 0.35763889 | AS81: 87 | AT81: 0.46319444 | AU81: 0.47013889 | AV81: 80 | AW81: 0.045138889 | AX81: 0.045833333
B82: 607 | C82: 172 | D82: 0.27430556 | E82: 0.275 | F82: 180 | G82: 0.34444444 | H82: 0.34444444 | I82: 155 | J82: 0.41388889 | K82: 0.42083333 | L82: 140 | M82: 0.50694444 | N82: 0.50833333 | O82: 130 | P82: 0.57986111 | Q82: 0.58541667 | R82: 130 | S82: 0.65763889 | T82: 0.65833333 | U82: 124 | V82: 0.71111111 | W82: 0.71944444 | X82: 112 | Z82: 0.83194444 | AA82: 110 | AB82: 0.90277778 | AC82: 0.90138889 | AD82: 106 | AE82: 0.015972222 | AF82: 0.024305556 | AG82: 102 | AH82: 0.098611111 | AI82: 0.10208333 | AJ82: 92 | AK82: 0.19722222 | AL82: 0.19930556 | AM82: 81 | AN82: 0.26388889 | AO82: 0.26666667 | AP82: 79 | AQ82: 0.33958333 | AR82: 0.34236111 | AS82: 78 | AT82: 0.45208333 | AU82: 0.45625 | AV82: 81 | AW82: 0.045138889 | AX82: 0.045833333
B83: 548 | F83: 104 | G83: 0.32569444 | H83: 0.32569444 | I83: 130 | J83: 0.40555556 | K83: 0.40972222 | L83: 123 | M83: 0.50138889 | N83: 0.50555556 | O83: 117 | P83: 0.57847222 | Q83: 0.58194444 | R83: 122 | S83: 0.65625 | T83: 0.65972222 | U83: 126 | V83: 0.71111111 | W83: 0.71805556 | X83: 114 | Z83: 0.83194444 | AA83: 112 | AB83: 0.90277778 | AC83: 0.90833333 | AD83: 107 | AE83: 0.015972222 | AF83: 0.024305556 | AG83: 104 | AH83: 0.099305556 | AI83: 0.10416667 | AJ83: 100 | AK83: 0.20347222 | AL83: 0.20625 | AM83: 83 | AN83: 0.26736111 | AO83: 0.27430556 | AP83: 81 | AQ83: 0.34791667 | AR83: 0.35347222 | AS83: 85 | AT83: 0.46180556 | AU83: 0.46458333 | AV83: 82 | AW83: 0.046527778 | AX83: 0.047916667
B84: 683 | C84: 38 | D84: 0.26041667 | E84: 0.26180556 | F84: 25 | G84: 0.30694444 | H84: 0.30694444 | I84: 26 | J84: 0.36527778 | K84: 0.36805556 | L84: 27 | M84: 0.44166667 | N84: 0.44375 | O84: 28 | P84: 0.50208333 | Q84: 0.50486111 | R84: 37 | S84: 0.56875 | T84: 0.57222222 | U84: 43 | V84: 0.61944444 | W84: 0.62708333 | X84: 53 | Z84: 0.74583333 | AA84: 53 | AB84: 0.8125 | AC84: 0.82013889 | AD84: 69 | AE84: 0.94027778 | AF84: 0.96041667 | AG84: 76 | AH84: 0.038888889 | AI84: 0.047222222 | AJ84: 72 | AK84: 0.14652778 | AL84: 0.15347222 | AM84: 69 | AN84: 0.22916667 | AO84: 0.24791667 | AP84: 68 | AQ84: 0.31875 | AR84: 0.32916667 | AS84: 76 | AT84: 0.45069444 | AU84: 0.4625 | AV84: 83 | AW84: 0.046527778 | AX84: 0.047916667
B85: 670 | C85: 96 | D85: 0.26805556 | E85: 0.26875 | L85: 75 | M85: 0.47430556 | N85: 0.47638889 | O85: 73 | P85: 0.54375 | Q85: 0.54791667 | R85: 71 | S85: 0.60972222 | T85: 0.61180556 | U85: 78 | V85: 0.66944444 | W85: 0.67361111 | X85: 70 | Z85: 0.77777778 | AA85: 68 | AB85: 0.83819444 | AC85: 0.84236111 | AD85: 73 | AE85: 0.94583333 | AF85: 0.96458333 | AG85: 80 | AH85: 0.043055556 | AI85: 0.047222222 | AJ85: 77 | AK85: 0.15416667 | AL85: 0.16319444 | AM85: 75 | AN85: 0.23888889 | AO85: 0.25208333 | AP85: 73 | AQ85: 0.32986111 | AR85: 0.3375 | AS85: 88 | AT85: 0.46319444 | AU85: 0.46805556 | AV85: 84 | AW85: 0.047222222 | AX85: 0.050694444
B86: 553 | C86: 93 | D86: 0.26736111 | E86: 0.26805556 | I86: 98 | J86: 0.39583333 | K86: 0.4 | L86: 93 | M86: 0.48472222 | N86: 0.48888889 | O86: 91 | P86: 0.55555556 | Q86: 0.56041667 | R86: 88 | S86: 0.625 | T86: 0.62986111 | U86: 84 | V86: 0.67430556 | W86: 0.68611111 | X86: 74 | Z86: 0.77986111 | AA86: 72 | AB86: 0.83888889 | AC86: 0.84444444 | AD86: 76 | AE86: 0.94861111 | AF86: 0.96597222 | AG86: 79 | AH86: 0.043055556 | AI86: 0.047222222 | AJ86: 79 | AK86: 0.15486111 | AL86: 0.16319444 | AM86: 76 | AN86: 0.23888889 | AO86: 0.25208333 | AP86: 75 | AQ86: 0.33055556 | AR86: 0.3375 | AS86: 89 | AT86: 0.46388889 | AU86: 0.46805556 | AV86: 85 | AW86: 0.048611111 | AX86: 0.050694444
B87: 739 | C87: 146 | D87: 0.27152778 | E87: 0.27222222 | I87: 131 | J87: 0.40555556 | K87: 0.40972222 | L87: 121 | M87: 0.50138889 | N87: 0.50555556 | O87: 118 | P87: 0.57847222 | Q87: 0.58333333 | R87: 124 | S87: 0.65625 | T87: 0.65972222 | U87: 125 | V87: 0.71111111 | W87: 0.71805556 | X87: 113 | Z87: 0.83194444 | AA87: 113 | AB87: 0.90277778 | AC87: 0.90833333 | AD87: 108 | AE87: 0.015972222 | AF87: 0.024305556 | AG87: 105 | AH87: 0.099305556 | AI87: 0.10416667 | AJ87: 97 | AK87: 0.20277778 | AL87: 0.20555556 | AM87: 84 | AN87: 0.26736111 | AO87: 0.27291667 | AP87: 82 | AQ87: 0.34791667 | AR87: 0.35347222 | AS87: 84 | AT87: 0.46180556 | AU87: 0.46458333 | AV87: 86 | AW87: 0.048611111 | AX87: 0.05
B88: 625 | C88: 134 | D88: 0.27152778 | E88: 0.27222222 | F88: 182 | G88: 0.34444444 | H88: 0.34444444 | I88: 125 | J88: 0.40416667 | K88: 0.4125 | L88: 112 | M88: 0.49791667 | N88: 0.5 | O88: 107 | P88: 0.56875 | Q88: 0.57152778 | R88: 100 | S88: 0.63680556 | T88: 0.64027778 | U88: 96 | V88: 0.68541667 | W88: 0.69930556 | X88: 85 | Z88: 0.79305556 | AA88: 88 | AB88: 0.85833333 | AC88: 0.86041667 | AD88: 78 | AE88: 0.94861111 | AF88: 0.95972222 | AG88: 74 | AH88: 0.03125 | AI88: 0.036805556 | AJ88: 68 | AK88: 0.13611111 | AL88: 0.13958333 | AM88: 62 | AN88: 0.20555556 | AO88: 0.22638889 | AP88: 64 | AQ88: 0.30416667 | AR88: 0.30763889 | AS88: 67 | AT88: 0.43055556 | AU88: 0.44097222 | AV88: 87 | AW88: 0.05 | AX88: 0.05625
B89: 699 | C89: 125 | D89: 0.27083333 | E89: 0.27152778 | F89: 133 | G89: 0.33402778 | H89: 0.33402778 | I89: 126 | J89: 0.40486111 | K89: 0.41458333 | L89: 136 | M89: 0.50555556 | N89: 0.50625 | O89: 113 | P89: 0.57708333 | Q89: 0.57916667 | R89: 111 | S89: 0.64791667 | T89: 0.64861111 | U89: 108 | V89: 0.69861111 | W89: 0.70555556 | X89: 108 | Z89: 0.82569444 | AA89: 109 | AB89: 0.89861111 | AC89: 0.89444444 | AD89: 100 | AE89: 0.99652778 | AF89: 0.024305556 | AG89: 106 | AH89: 0.10069444 | AI89: 0.10208333 | AJ89: 96 | AK89: 0.20277778 | AL89: 0.20555556 | AM89: 86 | AN89: 0.26805556 | AO89: 0.27569444 | AP89: 83 | AQ89: 0.34791667 | AR89: 0.35138889 | AS89: 82 | AT89: 0.45555556 | AU89: 0.46319444 | AV89: 88 | AW89: 0.05 | AX89: 0.050694444
B90: 705 | C90: 95 | D90: 0.26805556 | E90: 0.26875 | F90: 101 | G90: 0.32569444 | H90: 0.32569444 | I90: 108 | J90: 0.39930556 | K90: 0.40347222 | L90: 107 | M90: 0.49305556 | N90: 0.49791667 | O90: 102 | P90: 0.56736111 | Q90: 0.57222222 | R90: 104 | S90: 0.64097222 | T90: 0.64166667 | U90: 111 | V90: 0.69930556 | W90: 0.71666667 | X90: 133 | Z90: 0.85138889 | AA90: 125 | AB90: 0.91666667 | AC90: 0.91875 | AD90: 113 | AE90: 0.025694444 | AF90: 0.046527778 | AG90: 112 | AH90: 0.11666667 | AI90: 0.13333333 | AJ90: 107 | AK90: 0.23055556 | AL90: 0.31597222 | AM90: 100 | AN90: 0.28611111 | AO90: 0.28680556 | AP90: 93 | AQ90: 0.36111111 | AR90: 0.36388889 | AS90: 92 | AT90: 0.46805556 | AU90: 0.46944444 | AV90: 89 | AW90: 0.054861111 | AX90: 0.065277778
B91: 706 | C91: 79 | D91: 0.26597222 | E91: 0.26666667 | F91: 63 | G91: 0.31805556 | H91: 0.31805556 | I91: 62 | J91: 0.38333333 | K91: 0.38958333 | L91: 64 | M91: 0.46944444 | N91: 0.47222222 | O91: 66 | P91: 0.54027778 | Q91: 0.54513889 | R91: 73 | S91: 0.60972222 | T91: 0.61180556 | U91: 81 | V91: 0.66944444 | W91: 0.68055556 | X91: 84 | Z91: 0.79027778 | AA91: 86 | AB91: 0.85694444 | AC91: 0.86458333 | AD91: 85 | AE91: 0.96875 | AF91: 0.98402778 | AG91: 83 | AH91: 0.061805556 | AI91: 0.072222222 | AJ91: 83 | AK91: 0.17291667 | AL91: 0.18125 | AM91: 77 | AN91: 0.24166667 | AO91: 0.25763889 | AP91: 74 | AQ91: 0.32986111 | AR91: 0.34236111 | AS91: 83 | AT91: 0.41736111 | AU91: 0.46597222 | AV91: 90 | AW91: 0.05625 | AX91: 0.059027778
B92: 716 | C92: 72 | D92: 0.26458333 | E92: 0.26527778 | F92: 83 | G92: 0.32291667 | H92: 0.32291667 | I92: 90 | J92: 0.39236111 | K92: 0.39583333 | L92: 83 | M92: 0.47916667 | N92: 0.48333333 | O92: 83 | P92: 0.55069444 | Q92: 0.55625 | R92: 82 | S92: 0.62222222 | T92: 0.62777778 | U92: 87 | V92: 0.67638889 | W92: 0.68680556 | X92: 93 | Z92: 0.79861111 | AA92: 93 | AB92: 0.86736111 | AC92: 0.87083333 | AD92: 94 | AE92: 0.98402778 | AF92: 0.0034722222 | AG92: 95 | AH92: 0.085416667 | AI92: 0.093055556 | AJ92: 101 | AK92: 0.20347222 | AL92: 0.21180556 | AM92: 96 | AN92: 0.27847222 | AO92: 0.28402778 | AP92: 90 | AQ92: 0.35555556 | AR92: 0.36041667 | AS92: 91 | AT92: 0.46736111 | AU92: 0.47083333 | AV92: 91 | AW92: 0.059722222 | AX92: 0.063194444
B93: 688 | C93: 152 | D93: 0.27430556 | E93: 0.275 | F93: 140 | G93: 0.33611111 | H93: 0.33611111 | I93: 148 | J93: 0.4125 | K93: 0.42083333 | L93: 128 | M93: 0.50416667 | N93: 0.50763889 | O93: 125 | P93: 0.57986111 | Q93: 0.58263889 | R93: 113 | S93: 0.64791667 | T93: 0.65 | U93: 104 | V93: 0.69583333 | W93: 0.70625 | X93: 104 | Z93: 0.81805556 | AA93: 104 | AB93: 0.88819444 | AC93: 0.89305556 | AD93: 99 | AE93: 0.99652778 | AF93: 0.0041666667 | AG93: 93 | AH93: 0.084027778 | AI93: 0.088194444 | AJ93: 94 | AK93: 0.20138889 | AL93: 0.20486111 | AM93: 91 | AN93: 0.27152778 | AO93: 0.27777778 | AP93: 87 | AQ93: 0.35208333 | AR93: 0.36111111 | AS93: 90 | AT93: 0.46597222 | AU93: 0.47222222 | AV93: 92 | AW93: 0.063194444 | AX93: 0.065277778
B94: 545 | C94: 143 | D94: 0.27152778 | E94: 0.27222222 | L94: 147 | M94: 0.51388889 | N94: 0.51736111 | O94: 143 | P94: 0.59166667 | Q94: 0.59513889 | R94: 143 | S94: 0.66736111 | T94: 0.66944444 | U94: 135 | V94: 0.71875 | W94: 0.72986111 | X94: 121 | Z94: 0.84236111 | AA94: 119 | AB94: 0.90972222 | AC94: 0.91666667 | AD94: 117 | AE94: 0.027777778 | AF94: 0.038194444 | AG94: 111 | AH94: 0.11666667 | AI94: 0.12013889 | AJ94: 111 | AK94: 0.23611111 | AL94: 0.24027778 | AM94: 104 | AN94: 0.29722222 | AO94: 0.30555556 | AP94: 100 | AQ94: 0.37152778 | AR94: 0.37638889 | AS94: 95 | AT94: 0.48125 | AU94: 0.48611111 | AV94: 93 | AW94: 0.063888889 | AX94: 0.065972222
B95: 605 | C95: 141 | D95: 0.27152778 | E95: 0.27222222 | F95: 92 | G95: 0.32430556 | H95: 0.32430556 | I95: 174 | J95: 0.42361111 | K95: 0.42847222 | L95: 179 | M95: 0.53819444 | N95: 0.54236111 | O95: 176 | P95: 0.61805556 | Q95: 0.62569444 | R95: 174 | S95: 0.70416667 | T95: 0.71180556 | U95: 173 | V95: 0.76388889 | W95: 0.77152778 | X95: 153 | Z95: 0.87986111 | AA95: 147 | AB95: 0.94652778 | AC95: 0.95138889 | AD95: 135 | AE95: 0.059027778 | AF95: 0.06875 | AG95: 124 | AH95: 0.14236111 | AI95: 0.14583333 | AJ95: 117 | AK95: 0.24791667 | AL95: 0.24930556 | AM95: 108 | AN95: 0.30694444 | AO95: 0.31180556 | AP95: 104 | AQ95: 0.37986111 | AR95: 0.38402778 | AS95: 99 | AT95: 0.48333333 | AU95: 0.48680556 | AV95: 94 | AW95: 0.065277778 | AX95: 0.066666667
B96: 534 | C96: 167 | D96: 0.27430556 | E96: 0.275 | F96: 164 | G96: 0.33888889 | H96: 0.33888889 | I96: 152 | J96: 0.41319444 | K96: 0.41944444 | L96: 148 | M96: 0.51388889 | N96: 0.51805556 | O96: 144 | P96: 0.59166667 | Q96: 0.59513889 | R96: 144 | S96: 0.66736111 | T96: 0.67013889 | U96: 134 | V96: 0.71875 | W96: 0.73055556 | X96: 122 | Z96: 0.84236111 | AA96: 118 | AB96: 0.90972222 | AC96: 0.91666667 | AD96: 115 | AE96: 0.027777778 | AF96: 0.045138889 | AG96: 114 | AH96: 0.11736111 | AI96: 0.12222222 | AJ96: 113 | AK96: 0.23611111 | AL96: 0.24513889 | AM96: 105 | AN96: 0.30347222 | AO96: 0.31736111 | AP96: 105 | AQ96: 0.38194444 | AR96: 0.38888889 | AS96: 100 | AT96: 0.48472222 | AU96: 0.49652778 | AV96: 95 | AW96: 0.065277778 | AX96: 0.068055556
B97: 695 | C97: 68 | D97: 0.26388889 | E97: 0.26458333 | F97: 64 | G97: 0.31875 | H97: 0.31875 | I97: 64 | J97: 0.38402778 | K97: 0.3875 | L97: 63 | M97: 0.46944444 | N97: 0.47291667 | O97: 70 | P97: 0.54305556 | Q97: 0.54722222 | R97: 68 | S97: 0.60694444 | T97: 0.61111111 | U97: 79 | V97: 0.66944444 | W97: 0.68125 | X97: 83 | Z97: 0.79027778 | AA97: 92 | AB97: 0.86527778 | AC97: 0.86527778 | AD97: 88 | AE97: 0.97361111 | AF97: 0.98055556 | AG97: 84 | AH97: 0.063888889 | AI97: 0.06875 | AJ97: 86 | AK97: 0.18472222 | AL97: 0.1875 | AM97: 88 | AN97: 0.26944444 | AO97: 0.28888889 | AP97: 97 | AQ97: 0.36527778 | AR97: 0.37083333 | AS97: 94 | AT97: 0.47708333 | AU97: 0.47986111 | AV97: 96 | AW97: 0.070833333 | AX97: 0.072222222
B98: 595 | C98: 137 | D98: 0.27152778 | E98: 0.27222222 | F98: 128 | G98: 0.33263889 | H98: 0.33263889 | I98: 162 | J98: 0.41597222 | K98: 0.42847222 | L98: 164 | M98: 0.52708333 | N98: 0.53680556 | O98: 167 | P98: 0.61111111 | Q98: 0.61944444 | R98: 164 | S98: 0.69236111 | T98: 0.69444444 | U98: 148 | V98: 0.7375 | W98: 0.75555556 | X98: 155 | Z98: 0.88125 | AA98: 150 | AB98: 0.95486111 | AC98: 0.96388889 | AD98: 143 | AE98: 0.078472222 | AF98: 0.10069444 | AG98: 135 | AH98: 0.17430556 | AI98: 0.17916667 | AJ98: 125 | AK98: 0.26736111 | AL98: 0.27430556 | AM98: 115 | AN98: 0.31875 | AO98: 0.33263889 | AP98: 110 | AQ98: 0.40208333 | AR98: 0.41041667 | AS98: 107 | AT98: 0.50277778 | AU98: 0.50902778 | AV98: 97 | AW98: 0.077083333 | AX98: 0.078472222
B99: 528 | C99: 84 | D99: 0.26597222 | E99: 0.26666667 | F99: 78 | G99: 0.32083333 | H99: 0.32083333 | L99: 90 | M99: 0.48402778 | N99: 0.48680556 | O99: 95 | P99: 0.55694444 | Q99: 0.55902778 | R99: 94 | S99: 0.62847222 | T99: 0.63125 | U99: 93 | V99: 0.68055556 | W99: 0.69305556 | X99: 94 | Z99: 0.80138889 | AA99: 95 | AB99: 0.87083333 | AC99: 0.87361111 | AD99: 91 | AE99: 0.98333333 | AF99: 0.0041666667 | AG99: 92 | AH99: 0.083333333 | AI99: 0.088194444 | AJ99: 95 | AK99: 0.20208333 | AL99: 0.20902778 | AM99: 98 | AN99: 0.28125 | AO99: 0.28472222 | AP99: 94 | AQ99: 0.3625 | AR99: 0.36666667 | AS99: 97 | AT99: 0.48333333 | AU99: 0.4875 | AV99: 98 | AW99: 0.077083333 | AX99: 0.078472222
B100: 696 | C100: 113 | D100: 0.26944444 | E100: 0.27013889 | F100: 109 | G100: 0.32569444 | H100: 0.32569444 | I100: 91 | J100: 0.39305556 | K100: 0.39861111 | L100: 91 | M100: 0.48402778 | N100: 0.4875 | O100: 89 | P100: 0.55555556 | Q100: 0.56041667 | R100: 90 | S100: 0.62569444 | T100: 0.62916667 | U100: 86 | V100: 0.67430556 | W100: 0.68888889 | X100: 91 | Z100: 0.79722222 | AA100: 91 | AB100: 0.85972222 | AC100: 0.86458333 | AD100: 89 | AE100: 0.97361111 | AF100: 0.99861111 | AG100: 90 | AH100: 0.072222222 | AI100: 0.079166667 | AJ100: 89 | AK100: 0.18958333 | AL100: 0.19444444 | AM100: 85 | AN100: 0.26805556 | AO100: 0.28541667 | AP100: 88 | AQ100: 0.35555556 | AR100: 0.36180556 | AS100: 93 | AT100: 0.47638889 | AU100: 0.48472222 | AV100: 99 | AW100: 0.078472222 | AX100: 0.081944444
...

Sheet splits v1 2022-08-18
B1: Bib Number | C1: AS1 arr order | D1: AS1 arr TOD | E1: AS1 dep TOD | F1: AS2 arr order | G1: AS2 arr TOD | H1: AS2dep TOD | I1: AS3 arr order | J1: AS3 arr TOD | K1: AS3 dep TOD | L1: AS4 arr order | M1: AS4 arr TOD | N1: AS4 dep TOD | O1: AS5 arr order | P1: AS5 arr TOD | Q1: AS5 dep TOD | R1: AS6 arr order | S1: AS6 arr TOD | T1: AS6 dep TOD | U1: AS7 arr order | V1: AS7 arr TOD | W1: AS7 dep TOD | X1: AS8 arr order | Y1: AS8 arr TOD | Z1: AS8 dep TOD | AA1: AS9 arr order | AB1: AS9 arr TOD | AC1: AS9 dep TOD | AD1: AS10 arr order | AE1: AS10 arr TOD | AF1: AS10 dep TOD | AG1: AS11 arr order | AH1: AS11 arr TOD | AI1: AS11 dep TOD | AJ1: AS12 arr order | AK1: AS12 arr TOD | AL1: AS12 dep TOD | AM1: AS13 arr order | AN1: AS13 arr TOD | AO1: AS13 dep TOD | AP1: AS14 arr order | AQ1: AS14 arr TOD | AR1: AS14 dep TOD | AS1: AS15 arr order | AT1: AS15 arr TOD | AU1: AS15 dep TOD | AV1: AS16 arr order | AW1: AS16 arr TOD | AX1: AS16 dep TOD | AY1: F arr order | AZ1: F arr TOD | BA1: F arr elapsed (hrs)
B2: 500 | C2: 189 | D2: 0.27986111 | E2: 0.28055556 | F2: 179 | G2: 0.34444444 | H2: 0.34444444 | I2: 181 | J2: 0.42638889 | K2: 0.43888889 | L2: 169 | M2: 0.53055556 | N2: 0.53402778 | O2: 163 | P2: 0.60833333 | Q2: 0.6125 | R2: 160 | S2: 0.68611111 | T2: 0.69027778 | U2: 156 | V2: 0.74305556 | W2: 0.76388889 | X2: 147 | Z2: 0.87430556 | AA2: 146 | AB2: 0.94652778 | AC2: 0.96875 | AD2: 152 | AE2: 0.092361111 | AF2: 0.10416667 | AG2: 146 | AH2: 0.19583333 | AI2: 0.19652778 | AJ2: 129 | AK2: 0.29027778 | AL2: 0.29097222 | AM2: 122 | AN2: 0.34722222 | AO2: 0.35138889 | AP2: 117 | AQ2: 0.41458333 | AR2: 0.41944444 | AS2: 114 | AT2: 0.52361111 | AU2: 0.53958333 | AV2: 111 | AW2: 0.11041667 | AX2: 0.11041667 | AY2: {=XLOOKUP(B2,faclon_results_2022!$D:$D,faclon_results_2022!$A:$A,"DNF")} -> 107 | AZ2: =TIME(5,0,0)+time(BA2,60*(BA2-int(BA2)),0) -> 0.65902778 | BA2: {=XLOOKUP(B2,faclon_results_2022!$D:$D,faclon_results_2022!$J:$J)} -> 34.82155
B3: 501 | C3: 178 | D3: 0.27638889 | E3: 0.27708333 | F3: 178 | G3: 0.34444444 | H3: 0.34444444 | I3: 188 | J3: 0.43055556 | K3: 0.4375 | L3: 170 | M3: 0.53055556 | N3: 0.53472222 | O3: 168 | P3: 0.61180556 | Q3: 0.61736111 | R3: 166 | S3: 0.69444444 | T3: 0.69861111 | U3: 165 | V3: 0.75069444 | W3: 0.76458333 | X3: 160 | Z3: 0.89305556 | AA3: 161 | AB3: 0.97083333 | AC3: 0.97361111 | AD3: 154 | AE3: 0.097916667 | AF3: 0.10972222 | AG3: 141 | AH3: 0.19305556 | AI3: 0.19652778 | AJ3: 132 | AK3: 0.29652778 | AL3: 0.30138889 | AM3: 123 | AN3: 0.36180556 | AO3: 0.36875 | AP3: 120 | AQ3: 0.43680556 | AR3: 0.43819444 | AS3: 120 | AT3: 0.54722222 | AU3: 0.55069444 | AV3: 120 | AW3: 0.13263889 | AX3: 0.13611111 | AY3: {=XLOOKUP(B3,faclon_results_2022!$D:$D,faclon_results_2022!$A:$A,"DNF")} -> 120 | AZ3: =TIME(5,0,0)+time(BA3,60*(BA3-int(BA3)),0) -> 0.69166667 | BA3: {=XLOOKUP(B3,faclon_results_2022!$D:$D,faclon_results_2022!$J:$J)} -> 35.60848
B4: 502 | C4: 103 | D4: 0.26875 | E4: 0.26944444 | F4: 135 | G4: 0.33402778 | H4: 0.33402778 | I4: 168 | J4: 0.42152778 | K4: 0.43263889 | L4: 182 | M4: 0.53958333 | N4: 0.54305556 | O4: 182 | P4: 0.625 | Q4: 0.62847222 | R4: 177 | S4: 0.70902778 | T4: 0.7125 | U4: 181 | V4: 0.77847222 | W4: 0.79375 | X4: 169 | Z4: 0.92916667 | AA4: 168 | AB4: 0.00625 | AC4: 0.0097222222 | AY4: {=XLOOKUP(B4,faclon_results_2022!$D:$D,faclon_results_2022!$A:$A,"DNF")} -> DNF | AZ4: =TIME(5,0,0)+time(BA4,60*(BA4-int(BA4)),0) -> #N/A | BA4: {=XLOOKUP(B4,faclon_results_2022!$D:$D,faclon_results_2022!$J:$J)} -> #N/A
B5: 504 | C5: 15 | D5: 0.25555556 | E5: 0.25555556 | F5: 17 | G5: 0.30208333 | H5: 0.30208333 | I5: 42 | J5: 0.37291667 | K5: 0.37847222 | L5: 59 | M5: 0.46319444 | N5: 0.46805556 | O5: 72 | P5: 0.54375 | Q5: 0.55069444 | R5: 81 | S5: 0.62013889 | T5: 0.62569444 | U5: 75 | V5: 0.66597222 | W5: 0.67916667 | X5: 98 | Z5: 0.81041667 | AA5: 99 | AB5: 0.88402778 | AC5: 0.89097222 | AD5: 109 | AE5: 0.017361111 | AF5: 0.031944444 | AG5: 122 | AH5: 0.13611111 | AI5: 0.14791667 | AJ5: 131 | AK5: 0.29652778 | AL5: 0.30833333 | AM5: 131 | AN5: 0.38680556 | AO5: DNF | AY5: {=XLOOKUP(B5,faclon_results_2022!$D:$D,faclon_results_2022!$A:$A,"DNF")} -> DNF | AZ5: =TIME(5,0,0)+time(BA5,60*(BA5-int(BA5)),0) -> #N/A | BA5: {=XLOOKUP(B5,faclon_results_2022!$D:$D,faclon_results_2022!$J:$J)} -> #N/A
B6: 506 | C6: 88 | D6: 0.26736111 | E6: 0.26805556 | F6: 117 | G6: 0.32986111 | H6: 0.32986111 | I6: 133 | J6: 0.40763889 | K6: 0.41180556 | L6: 142 | M6: 0.50833333 | N6: 0.51388889 | O6: 146 | P6: 0.59375 | Q6: 0.59930556 | R6: 156 | S6: 0.68541667 | T6: 0.70138889 | U6: 168 | V6: 0.75625 | W6: 0.76805556 | AY6: {=XLOOKUP(B6,faclon_results_2022!$D:$D,faclon_results_2022!$A:$A,"DNF")} -> DNF | AZ6: =TIME(5,0,0)+time(BA6,60*(BA6-int(BA6)),0) -> #N/A | BA6: {=XLOOKUP(B6,faclon_results_2022!$D:$D,faclon_results_2022!$J:$J)} -> #N/A
B7: 507 | C7: 44 | D7: 0.26111111 | E7: 0.26180556 | F7: 32 | G7: 0.30763889 | H7: 0.30763889 | I7: 41 | J7: 0.37152778 | K7: 0.37847222 | L7: 52 | M7: 0.45972222 | N7: 0.46111111 | O7: 50 | P7: 0.52152778 | Q7: 0.525 | R7: 49 | S7: 0.58541667 | T7: 0.58819444 | U7: 47 | V7: 0.62777778 | W7: 0.63263889 | X7: 46 | Z7: 0.73333333 | AA7: 46 | AB7: 0.79375 | AC7: 0.8 | AD7: 45 | AE7: 0.88958333 | AF7: 0.90069444 | AG7: 41 | AH7: 0.97083333 | AI7: 0.97777778 | AJ7: 40 | AK7: 0.072916667 | AL7: 0.080555556 | AM7: 36 | AN7: 0.12986111 | AO7: 0.14305556 | AP7: 36 | AQ7: 0.21180556 | AR7: 0.21527778 | AS7: 36 | AT7: 0.31388889 | AU7: 0.31944444 | AV7: 36 | AW7: 0.39444444 | AX7: 0.39652778 | AY7: {=XLOOKUP(B7,faclon_results_2022!$D:$D,faclon_results_2022!$A:$A,"DNF")} -> 36 | AZ7: =TIME(5,0,0)+time(BA7,60*(BA7-int(BA7)),0) -> 0.44097222 | BA7: {=XLOOKUP(B7,faclon_results_2022!$D:$D,faclon_results_2022!$J:$J)} -> 29.59563
B8: 508 | C8: 187 | D8: 0.27986111 | E8: 0.28055556 | F8: 195 | G8: 0.35763889 | H8: 0.35763889 | I8: 197 | J8: 0.44652778 | K8: 0.45347222 | L8: 190 | M8: 0.56180556 | N8: 0.56527778 | O8: 190 | P8: 0.65347222 | Q8: 0.66041667 | R8: 190 | S8: 0.74444444 | T8: 0.74930556 | U8: 187 | V8: 0.80138889 | W8: 0.82152778 | AY8: {=XLOOKUP(B8,faclon_results_2022!$D:$D,faclon_results_2022!$A:$A,"DNF")} -> DNF | AZ8: =TIME(5,0,0)+time(BA8,60*(BA8-int(BA8)),0) -> #N/A | BA8: {=XLOOKUP(B8,faclon_results_2022!$D:$D,faclon_results_2022!$J:$J)} -> #N/A
B9: 509 | C9: 69 | D9: 0.26388889 | E9: 0.26458333 | F9: 55 | G9: 0.31458333 | H9: 0.31458333 | I9: 52 | J9: 0.37638889 | K9: 0.37986111 | L9: 57 | M9: 0.46180556 | N9: 0.46319444 | O9: 58 | P9: 0.52777778 | Q9: 0.53055556 | R9: 60 | S9: 0.59722222 | T9: 0.59930556 | U9: 57 | V9: 0.64166667 | W9: 0.65347222 | X9: 79 | Z9: 0.78402778 | AA9: 79 | AB9: 0.85347222 | AC9: 0.85486111 | AD9: 87 | AE9: 0.97013889 | AF9: 0.99166667 | AG9: 87 | AH9: 0.069444444 | AI9: 0.071527778 | AJ9: 82 | AK9: 0.17152778 | AL9: 0.17361111 | AM9: 74 | AN9: 0.23819444 | AO9: 0.25902778 | AP9: 78 | AQ9: 0.33958333 | AR9: 0.34583333 | AS9: 81 | AT9: 0.45555556 | AU9: 0.45833333 | AV9: 79 | AW9: 0.045138889 | AX9: 0.045138889 | AY9: {=XLOOKUP(B9,faclon_results_2022!$D:$D,faclon_results_2022!$A:$A,"DNF")} -> 80 | AZ9: =TIME(5,0,0)+time(BA9,60*(BA9-int(BA9)),0) -> 0.60555556 | BA9: {=XLOOKUP(B9,faclon_results_2022!$D:$D,faclon_results_2022!$J:$J)} -> 33.5349
B10: 510 | C10: 177 | D10: 0.275 | E10: 0.27569444 | F10: 167 | G10: 0.33888889 | H10: 0.33888889 | I10: 163 | J10: 0.41736111 | K10: 0.42291667 | L10: 146 | M10: 0.51319444 | N10: 0.51458333 | O10: 139 | P10: 0.58888889 | Q10: 0.59097222 | R10: 142 | S10: 0.66736111 | T10: 0.66944444 | U10: 144 | V10: 0.725 | W10: 0.73819444 | X10: 149 | Z10: 0.87430556 | AA10: 159 | AB10: 0.96527778 | AC10: DNF | AY10: {=XLOOKUP(B10,faclon_results_2022!$D:$D,faclon_results_2022!$A:$A,"DNF")} -> DNF | AZ10: =TIME(5,0,0)+time(BA10,60*(BA10-int(BA10)),0) -> #N/A | BA10: {=XLOOKUP(B10,faclon_results_2022!$D:$D,faclon_results_2022!$J:$J)} -> #N/A
B11: 511 | C11: 37 | D11: 0.26041667 | E11: 0.26180556 | F11: 22 | G11: 0.30625 | H11: 0.30625 | I11: 27 | J11: 0.36597222 | K11: 0.37013889 | L11: 36 | M11: 0.44652778 | N11: 0.44791667 | O11: 45 | P11: 0.51319444 | Q11: 0.51527778 | R11: 46 | S11: 0.57986111 | T11: 0.58125 | U11: 45 | V11: 0.62222222 | W11: 0.63194444 | X11: 50 | Z11: 0.74375 | AA11: 50 | AB11: 0.80277778 | AC11: 0.80763889 | AD11: 46 | AE11: 0.89166667 | AF11: 0.91111111 | AG11: 43 | AH11: 0.98055556 | AI11: 0.98680556 | AJ11: 42 | AK11: 0.076388889 | AL11: 0.080555556 | AM11: 37 | AN11: 0.13333333 | AO11: 0.15138889 | AP11: 38 | AQ11: 0.21458333 | AR11: 0.22152778 | AS11: 37 | AT11: 0.31666667 | AU11: 0.32638889 | AV11: 38 | AW11: 0.39791667 | AX11: 0.39930556 | AY11: {=XLOOKUP(B11,faclon_results_2022!$D:$D,faclon_results_2022!$A:$A,"DNF")} -> 37 | AZ11: =TIME(5,0,0)+time(BA11,60*(BA11-int(BA11)),0) -> 0.44166667 | BA11: {=XLOOKUP(B11,faclon_results_2022!$D:$D,faclon_results_2022!$J:$J)} -> 29.60739
B12: 513 | C12: 9 | D12: 0.25208333 | E12: 0.25277778 | F12: 7 | G12: 0.29236111 | H12: 0.29236111 | I12: 9 | J12: 0.34583333 | K12: 0.34791667 | L12: 8 | M12: 0.41666667 | N12: 0.41875 | O12: 8 | P12: 0.47291667 | Q12: 0.47430556 | R12: 10 | S12: 0.53055556 | T12: 0.53263889 | U12: 12 | V12: 0.57430556 | W12: 0.57777778 | X12: 9 | Z12: 0.65902778 | AA12: 8 | AB12: 0.70625 | AC12: 0.70972222 | AD12: 8 | AE12: 0.78333333 | AF12: 0.78680556 | AG12: 7 | AH12: 0.84097222 | AI12: 0.84375 | AJ12: 5 | AK12: 0.91180556 | AL12: 0.91736111 | AM12: 6 | AN12: 0.96319444 | AO12: 0.96666667 | AP12: 4 | AQ12: 0.020138889 | AR12: 0.023611111 | AS12: 4 | AT12: 0.10625 | AU12: 0.11041667 | AV12: 3 | AW12: 0.16388889 | AX12: 0.16458333 | AY12: {=XLOOKUP(B12,faclon_results_2022!$D:$D,faclon_results_2022!$A:$A,"DNF")} -> 3 | AZ12: =TIME(5,0,0)+time(BA12,60*(BA12-int(BA12)),0) -> 1.1993056 | BA12: {=XLOOKUP(B12,faclon_results_2022!$D:$D,faclon_results_2022!$J:$J)} -> 23.78605
B13: 515 | C13: 16 | D13: 0.25694444 | E13: 0.25694444 | F13: 16 | G13: 0.30208333 | H13: 0.30208333 | I13: 14 | J13: 0.35902778 | K13: 0.35972222 | L13: 13 | M13: 0.42777778 | N13: 0.42847222 | O13: 12 | P13: 0.48263889 | Q13: 0.48333333 | R13: 12 | S13: 0.53402778 | T13: 0.53472222 | U13: 9 | V13: 0.57013889 | W13: 0.57152778 | X13: 8 | Z13: 0.65902778 | AA13: 9 | AB13: 0.71319444 | AC13: 0.71458333 | AD13: 10 | AE13: 0.79305556 | AF13: 0.79444444 | AG13: 10 | AH13: 0.85555556 | AI13: 0.85763889 | AJ13: 9 | AK13: 0.93819444 | AL13: 0.94027778 | AM13: 10 | AN13: 0.99236111 | AO13: 0.99444444 | AP13: 10 | AQ13: 0.056944444 | AR13: 0.059027778 | AS13: 9 | AT13: 0.15416667 | AU13: 0.15625 | AV13: 8 | AW13: 0.225 | AX13: 0.22638889 | AY13: {=XLOOKUP(B13,faclon_results_2022!$D:$D,faclon_results_2022!$A:$A,"DNF")} -> 8 | AZ13: =TIME(5,0,0)+time(BA13,60*(BA13-int(BA13)),0) -> 0.26736111 | BA13: {=XLOOKUP(B13,faclon_results_2022!$D:$D,faclon_results_2022!$J:$J)} -> 25.42819
B14: 516 | C14: 105 | D14: 0.26875 | E14: 0.26944444 | F14: 113 | G14: 0.32569444 | H14: 0.32569444 | I14: 128 | J14: 0.40555556 | K14: 0.4125 | L14: 127 | M14: 0.50416667 | N14: 0.50833333 | O14: 135 | P14: 0.58125 | Q14: 0.58611111 | R14: 117 | S14: 0.65277778 | T14: 0.65625 | U14: 128 | V14: 0.71319444 | W14: 0.72708333 | X14: 125 | Z14: 0.84444444 | AA14: 124 | AB14: 0.91527778 | AC14: 0.92083333 | AD14: 114 | AE14: 0.026388889 | AF14: 0.03125 | AG14: 108 | AH14: 0.10694444 | AI14: 0.11319444 | AJ14: 106 | AK14: 0.22291667 | AL14: 0.23402778 | AM14: 107 | AN14: 0.30625 | AO14: 0.31319444 | AP14: 107 | AQ14: 0.38680556 | AR14: 0.39513889 | AS14: 108 | AT14: 0.50833333 | AU14: 0.5125 | AV14: 109 | AW14: 0.10138889 | AX14: 0.10625 | AY14: {=XLOOKUP(B14,faclon_results_2022!$D:$D,faclon_results_2022!$A:$A,"DNF")} -> 111 | AZ14: =TIME(5,0,0)+time(BA14,60*(BA14-int(BA14)),0) -> 0.66736111 | BA14: {=XLOOKUP(B14,faclon_results_2022!$D:$D,faclon_results_2022!$J:$J)} -> 35.02384
B15: 517 | C15: 75 | D15: 0.26527778 | E15: 0.26597222 | F15: 74 | G15: 0.32083333 | H15: 0.32083333 | I15: 121 | J15: 0.40277778 | K15: 0.40902778 | L15: 124 | M15: 0.50208333 | N15: 0.50972222 | O15: 148 | P15: 0.59444444 | Q15: 0.60069444 | R15: 165 | S15: 0.69305556 | T15: 0.71666667 | U15: 176 | V15: 0.77083333 | W15: 0.78125 | X15: 175 | Z15: 0.95347222 | AA15: DNF | AY15: {=XLOOKUP(B15,faclon_results_2022!$D:$D,faclon_results_2022!$A:$A,"DNF")} -> DNF | AZ15: =TIME(5,0,0)+time(BA15,60*(BA15-int(BA15)),0) -> #N/A | BA15: {=XLOOKUP(B15,faclon_results_2022!$D:$D,faclon_results_2022!$J:$J)} -> #N/A
B16: 518 | C16: 150 | D16: 0.27430556 | E16: 0.275 | F16: 139 | G16: 0.33611111 | H16: 0.33611111 | I16: 135 | J16: 0.40833333 | K16: 0.41666667 | L16: 130 | M16: 0.50416667 | N16: 0.50555556 | O16: 119 | P16: 0.57916667 | Q16: 0.58125 | R16: 109 | S16: 0.64791667 | T16: 0.64930556 | U16: 107 | V16: 0.69791667 | W16: 0.70486111 | X16: 103 | Z16: 0.81666667 | AA16: 105 | AB16: 0.88888889 | AC16: 0.89097222 | AD16: 102 | AE16: 0.0013888889 | AF16: 0.010416667 | AG16: 100 | AH16: 0.097222222 | AI16: 0.10208333 | AJ16: 103 | AK16: 0.21041667 | AL16: 0.21041667 | AM16: 90 | AN16: 0.27013889 | AO16: 0.28125 | AP16: 89 | AQ16: 0.35555556 | AR16: 0.35763889 | AS16: 87 | AT16: 0.46319444 | AU16: 0.47013889 | AV16: 80 | AW16: 0.045138889 | AX16: 0.045833333 | AY16: {=XLOOKUP(B16,faclon_results_2022!$D:$D,faclon_results_2022!$A:$A,"DNF")} -> 79 | AZ16: =TIME(5,0,0)+time(BA16,60*(BA16-int(BA16)),0) -> 0.59861111 | BA16: {=XLOOKUP(B16,faclon_results_2022!$D:$D,faclon_results_2022!$J:$J)} -> 33.3782
B17: 519 | C17: 133 | D17: 0.27152778 | E17: 0.27222222 | F17: 125 | G17: 0.33194444 | H17: 0.33194444 | I17: 96 | J17: 0.39583333 | K17: 0.40138889 | L17: 105 | M17: 0.49166667 | N17: 0.49444444 | O17: 100 | P17: 0.5625 | Q17: 0.56458333 | R17: 97 | S17: 0.63055556 | T17: 0.63263889 | U17: 89 | V17: 0.67986111 | W17: 0.69444444 | X17: 90 | Z17: 0.79722222 | AA17: 82 | AB17: 0.85347222 | AC17: 0.85555556 | AD17: 77 | AE17: 0.94861111 | AF17: 0.96736111 | AG17: 82 | AH17: 0.047222222 | AI17: 0.051388889 | AJ17: 78 | AK17: 0.15486111 | AL17: 0.16319444 | AM17: 73 | AN17: 0.23819444 | AO17: 0.26875 | AP17: 72 | AQ17: 0.32777778 | AR17: 0.33263889 | AS17: 69 | AT17: 0.43958333 | AU17: 0.44444444 | AV17: 70 | AW17: 0.52152778 | AX17: 0.52152778 | AY17: {=XLOOKUP(B17,faclon_results_2022!$D:$D,faclon_results_2022!$A:$A,"DNF")} -> 63 | AZ17: =TIME(5,0,0)+time(BA17,60*(BA17-int(BA17)),0) -> 0.56805556 | BA17: {=XLOOKUP(B17,faclon_results_2022!$D:$D,faclon_results_2022!$J:$J)} -> 32.63401
B18: 520 | C18: 136 | D18: 0.27152778 | E18: 0.27222222 | F18: 130 | G18: 0.33263889 | H18: 0.33263889 | I18: 161 | J18: 0.41597222 | K18: 0.43263889 | L18: 172 | M18: 0.53194444 | N18: 0.54027778 | O18: 177 | P18: 0.61875 | Q18: 0.62361111 | R18: 170 | S18: 0.69861111 | T18: 0.70069444 | U18: 169 | V18: 0.75625 | W18: 0.77361111 | X18: 162 | Z18: 0.89652778 | AA18: 160 | AB18: 0.96666667 | AC18: 0.96944444 | AD18: 146 | AE18: 0.081944444 | AF18: 0.10069444 | AG18: 145 | AH18: 0.19583333 | AI18: 0.20069444 | AJ18: 136 | AK18: 0.30555556 | AL18: 0.30833333 | AM18: 125 | AN18: 0.36805556 | AO18: DNF | AY18: {=XLOOKUP(B18,faclon_results_2022!$D:$D,faclon_results_2022!$A:$A,"DNF")} -> DNF | AZ18: =TIME(5,0,0)+time(BA18,60*(BA18-int(BA18)),0) -> #N/A | BA18: {=XLOOKUP(B18,faclon_results_2022!$D:$D,faclon_results_2022!$J:$J)} -> #N/A
B19: 521 | C19: 132 | D19: 0.27152778 | E19: 0.27222222 | F19: 106 | G19: 0.32569444 | H19: 0.32569444 | I19: 101 | J19: 0.39652778 | K19: 0.40416667 | L19: 117 | M19: 0.5 | N19: 0.50625 | O19: 129 | P19: 0.57986111 | Q19: 0.58541667 | R19: 135 | S19: 0.66458333 | T19: 0.67291667 | U19: 147 | V19: 0.73125 | W19: 0.75833333 | X19: 156 | Z19: 0.88125 | AA19: 153 | AB19: 0.95833333 | AC19: 0.96319444 | AD19: 144 | AE19: 0.080555556 | AF19: 0.098611111 | AG19: 143 | AH19: 0.19513889 | AI19: 0.19722222 | AJ19: 139 | AK19: 0.32430556 | AL19: 0.32986111 | AY19: {=XLOOKUP(B19,faclon_results_2022!$D:$D,faclon_results_2022!$A:$A,"DNF")} -> DNF | AZ19: =TIME(5,0,0)+time(BA19,60*(BA19-int(BA19)),0) -> #N/A | BA19: {=XLOOKUP(B19,faclon_results_2022!$D:$D,faclon_results_2022!$J:$J)} -> #N/A
B20: 522 | C20: 87 | D20: 0.26666667 | E20: 0.26736111 | F20: 90 | G20: 0.32430556 | H20: 0.32430556 | I20: 94 | J20: 0.39375 | K20: 0.39652778 | L20: 87 | M20: 0.48263889 | N20: 0.48541667 | O20: 88 | P20: 0.55625 | Q20: 0.55833333 | R20: 95 | S20: 0.62986111 | T20: 0.63263889 | U20: 92 | V20: 0.68055556 | W20: 0.68611111 | X20: 81 | Z20: 0.78958333 | AA20: 80 | AB20: 0.85347222 | AC20: 0.85694444 | AD20: 74 | AE20: 0.94861111 | AF20: 0.95486111 | AG20: 66 | AH20: 0.022222222 | AI20: 0.025 | AJ20: 57 | AK20: 0.11388889 | AL20: 0.12013889 | AM20: 54 | AN20: 0.17847222 | AO20: 0.18402778 | AP20: 46 | AQ20: 0.24444444 | AR20: 0.24652778 | AS20: 42 | AT20: 0.3375 | AU20: 0.34027778 | AV20: 40 | AW20: 0.40763889 | AX20: 0.40902778 | AY20: {=XLOOKUP(B20,faclon_results_2022!$D:$D,faclon_results_2022!$A:$A,"DNF")} -> 41 | AZ20: =TIME(5,0,0)+time(BA20,60*(BA20-int(BA20)),0) -> 0.45138889 | BA20: {=XLOOKUP(B20,faclon_results_2022!$D:$D,faclon_results_2022!$J:$J)} -> 29.8396
B21: 523 | C21: 114 | D21: 0.26944444 | E21: 0.27013889 | F21: 100 | G21: 0.32569444 | H21: 0.32569444 | I21: 81 | J21: 0.38819444 | K21: 0.39375 | L21: 70 | M21: 0.47222222 | N21: 0.47361111 | O21: 61 | P21: 0.51875 | Q21: 0.53680556 | R21: 58 | S21: 0.59583333 | T21: 0.6 | U21: 55 | V21: 0.64097222 | W21: 0.65555556 | X21: 57 | Z21: 0.75625 | AA21: 55 | AB21: 0.8125 | AC21: 0.82083333 | AD21: 51 | AE21: 0.90763889 | AF21: 0.91875 | AG21: 49 | AH21: 0.99305556 | AI21: 0.99930556 | AJ21: 48 | AK21: 0.097916667 | AL21: 0.10694444 | AM21: 43 | AN21: 0.15416667 | AO21: 0.16736111 | AP21: 41 | AQ21: 0.22986111 | AR21: 0.23680556 | AS21: 40 | AT21: 0.32777778 | AU21: 0.33541667 | AV21: 39 | AW21: 0.40277778 | AX21: 0.40347222 | AY21: {=XLOOKUP(B21,faclon_results_2022!$D:$D,faclon_results_2022!$A:$A,"DNF")} -> 39 | AZ21: =TIME(5,0,0)+time(BA21,60*(BA21-int(BA21)),0) -> 0.44722222 | BA21: {=XLOOKUP(B21,faclon_results_2022!$D:$D,faclon_results_2022!$J:$J)} -> 29.73684
B22: 525 | C22: 115 | D22: 0.26944444 | E22: 0.27013889 | F22: 121 | G22: 0.33055556 | H22: 0.33055556 | I22: 129 | J22: 0.40555556 | K22: 0.40833333 | L22: 126 | M22: 0.50347222 | N22: 0.50625 | O22: 136 | P22: 0.58333333 | Q22: 0.5875 | R22: 128 | S22: 0.65763889 | T22: 0.66111111 | U22: 131 | V22: 0.71666667 | W22: 0.73472222 | X22: 124 | Z22: 0.84375 | AA22: 117 | AB22: 0.90972222 | AC22: 0.91388889 | AD22: 111 | AE22: 0.024305556 | AF22: 0.038194444 | AG22: 110 | AH22: 0.11666667 | AI22: 0.12013889 | AJ22: 108 | AK22: 0.23333333 | AL22: 0.23680556 | AM22: 102 | AN22: 0.29583333 | AO22: 0.30138889 | AP22: 102 | AQ22: 0.37430556 | AR22: 0.38125 | AS22: 102 | AT22: 0.4875 | AU22: 0.49305556 | AV22: 103 | AW22: 0.08125 | AX22: 0.086111111 | AY22: {=XLOOKUP(B22,faclon_results_2022!$D:$D,faclon_results_2022!$A:$A,"DNF")} -> 105 | AZ22: =TIME(5,0,0)+time(BA22,60*(BA22-int(BA22)),0) -> 0.65347222 | BA22: {=XLOOKUP(B22,faclon_results_2022!$D:$D,faclon_results_2022!$J:$J)} -> 34.69207
B23: 527 | C23: 23 | D23: 0.25763889 | E23: 0.25833333 | F23: 20 | G23: 0.30625 | H23: 0.30625 | I23: 18 | J23: 0.3625 | K23: 0.36388889 | L23: 18 | M23: 0.43472222 | N23: 0.43611111 | O23: 19 | P23: 0.49444444 | Q23: 0.49583333 | R23: 21 | S23: 0.55416667 | T23: 0.55763889 | U23: 22 | V23: 0.59930556 | W23: 0.61111111 | X23: 30 | Z23: 0.70416667 | AA23: 31 | AB23: 0.76805556 | AC23: 0.77152778 | AD23: 32 | AE23: 0.85972222 | AF23: 0.87708333 | AG23: 35 | AH23: 0.94513889 | AI23: 0.94861111 | AJ23: 35 | AK23: 0.041666667 | AL23: 0.046527778 | AM23: 33 | AN23: 0.11111111 | AO23: 0.12152778 | AP23: 32 | AQ23: 0.19513889 | AR23: 0.20069444 | AS23: 35 | AT23: 0.31180556 | AU23: 0.31527778 | AV23: 33 | AW23: 0.38263889 | AX23: 0.38263889 | AY23: {=XLOOKUP(B23,faclon_results_2022!$D:$D,faclon_results_2022!$A:$A,"DNF")} -> 30 | AZ23: =TIME(5,0,0)+time(BA23,60*(BA23-int(BA23)),0) -> 0.41875 | BA23: {=XLOOKUP(B23,faclon_results_2022!$D:$D,faclon_results_2022!$J:$J)} -> 29.06125
B24: 528 | C24: 84 | D24: 0.26597222 | E24: 0.26666667 | F24: 78 | G24: 0.32083333 | H24: 0.32083333 | L24: 90 | M24: 0.48402778 | N24: 0.48680556 | O24: 95 | P24: 0.55694444 | Q24: 0.55902778 | R24: 94 | S24: 0.62847222 | T24: 0.63125 | U24: 93 | V24: 0.68055556 | W24: 0.69305556 | X24: 94 | Z24: 0.80138889 | AA24: 95 | AB24: 0.87083333 | AC24: 0.87361111 | AD24: 91 | AE24: 0.98333333 | AF24: 0.0041666667 | AG24: 92 | AH24: 0.083333333 | AI24: 0.088194444 | AJ24: 95 | AK24: 0.20208333 | AL24: 0.20902778 | AM24: 98 | AN24: 0.28125 | AO24: 0.28472222 | AP24: 94 | AQ24: 0.3625 | AR24: 0.36666667 | AS24: 97 | AT24: 0.48333333 | AU24: 0.4875 | AV24: 98 | AW24: 0.077083333 | AX24: 0.078472222 | AY24: {=XLOOKUP(B24,faclon_results_2022!$D:$D,faclon_results_2022!$A:$A,"DNF")} -> 98 | AZ24: =TIME(5,0,0)+time(BA24,60*(BA24-int(BA24)),0) -> 0.63611111 | BA24: {=XLOOKUP(B24,faclon_results_2022!$D:$D,faclon_results_2022!$J:$J)} -> 34.2829
B25: 529 | C25: 71 | D25: 0.26388889 | E25: 0.26458333 | F25: 65 | G25: 0.31875 | H25: 0.31875 | I25: 58 | J25: 0.37916667 | K25: 0.38125 | L25: 39 | M25: 0.45 | N25: 0.45069444 | O25: 38 | P25: 0.50972222 | Q25: 0.51111111 | R25: 31 | S25: 0.56527778 | T25: 0.56666667 | U25: 29 | V25: 0.60277778 | W25: 0.60625 | X25: 20 | Z25: 0.69513889 | AA25: 18 | AB25: 0.74444444 | AC25: 0.74583333 | AD25: 15 | AE25: 0.82291667 | AF25: 0.82638889 | AG25: 14 | AH25: 0.88541667 | AI25: 0.88680556 | AJ25: 15 | AK25: 0.96875 | AL25: 0.97222222 | AM25: 14 | AN25: 0.024305556 | AO25: 0.027083333 | AP25: 14 | AQ25: 0.095138889 | AR25: 0.097916667 | AS25: 16 | AT25: 0.19930556 | AU25: 0.20138889 | AV25: 16 | AW25: 0.27777778 | AX25: 0.27847222 | AY25: {=XLOOKUP(B25,faclon_results_2022!$D:$D,faclon_results_2022!$A:$A,"DNF")} -> 16 | AZ25: =TIME(5,0,0)+time(BA25,60*(BA25-int(BA25)),0) -> 0.32361111 | BA25: {=XLOOKUP(B25,faclon_results_2022!$D:$D,faclon_results_2022!$J:$J)} -> 26.77177
B26: 530 | C26: 46 | D26: 0.26111111 | E26: 0.26180556 | F26: 40 | G26: 0.31319444 | H26: 0.31319444 | I26: 57 | J26: 0.37847222 | K26: 0.38055556 | L26: 49 | M26: 0.45694444 | N26: 0.45902778 | O26: 49 | P26: 0.52083333 | Q26: 0.52291667 | R26: 51 | S26: 0.5875 | T26: 0.58888889 | U26: 49 | V26: 0.63055556 | W26: 0.63402778 | X26: 48 | Z26: 0.73888889 | AA26: 49 | AB26: 0.8 | AC26: 0.80208333 | AD26: 50 | AE26: 0.90138889 | AF26: 0.91805556 | AG26: 47 | AH26: 0.99097222 | AI26: 0.99305556 | AJ26: 41 | AK26: 0.074305556 | AL26: 0.075694444 | AM26: 38 | AN26: 0.13472222 | AO26: 0.14305556 | AP26: 37 | AQ26: 0.2125 | AR26: 0.21736111 | AS26: 34 | AT26: 0.31041667 | AU26: 0.31180556 | AV26: 34 | AW26: 0.38263889 | AX26: 0.38333333 | AY26: {=XLOOKUP(B26,faclon_results_2022!$D:$D,faclon_results_2022!$A:$A,"DNF")} -> 33 | AZ26: =TIME(5,0,0)+time(BA26,60*(BA26-int(BA26)),0) -> 0.43055556 | BA26: {=XLOOKUP(B26,faclon_results_2022!$D:$D,faclon_results_2022!$J:$J)} -> 29.34933
B27: 531 | C27: 174 | D27: 0.275 | E27: 0.27569444 | F27: 160 | G27: 0.33888889 | H27: 0.33888889 | I27: 153 | J27: 0.41388889 | K27: 0.42222222 | L27: 154 | M27: 0.51666667 | N27: 0.51805556 | O27: 155 | P27: 0.59861111 | Q27: 0.60763889 | R27: 161 | S27: 0.68611111 | T27: 0.68958333 | U27: 162 | V27: 0.74861111 | W27: 0.77152778 | X27: 164 | Z27: 0.90625 | AA27: 167 | AB27: 0.0034722222 | AC27: DNF | AY27: {=XLOOKUP(B27,faclon_results_2022!$D:$D,faclon_results_2022!$A:$A,"DNF")} -> DNF | AZ27: =TIME(5,0,0)+time(BA27,60*(BA27-int(BA27)),0) -> #N/A | BA27: {=XLOOKUP(B27,faclon_results_2022!$D:$D,faclon_results_2022!$J:$J)} -> #N/A
B28: 532 | C28: 163 | D28: 0.27430556 | E28: 0.275 | F28: 165 | G28: 0.33888889 | H28: 0.33888889 | I28: 154 | J28: 0.41388889 | K28: 0.42222222 | L28: 151 | M28: 0.51458333 | N28: 0.51805556 | O28: 154 | P28: 0.59861111 | Q28: 0.60763889 | R28: 159 | S28: 0.68611111 | T28: 0.68888889 | U28: 161 | V28: 0.74861111 | W28: 0.77152778 | AY28: {=XLOOKUP(B28,faclon_results_2022!$D:$D,faclon_results_2022!$A:$A,"DNF")} -> DNF | AZ28: =TIME(5,0,0)+time(BA28,60*(BA28-int(BA28)),0) -> #N/A | BA28: {=XLOOKUP(B28,faclon_results_2022!$D:$D,faclon_results_2022!$J:$J)} -> #N/A
B29: 534 | C29: 167 | D29: 0.27430556 | E29: 0.275 | F29: 164 | G29: 0.33888889 | H29: 0.33888889 | I29: 152 | J29: 0.41319444 | K29: 0.41944444 | L29: 148 | M29: 0.51388889 | N29: 0.51805556 | O29: 144 | P29: 0.59166667 | Q29: 0.59513889 | R29: 144 | S29: 0.66736111 | T29: 0.67013889 | U29: 134 | V29: 0.71875 | W29: 0.73055556 | X29: 122 | Z29: 0.84236111 | AA29: 118 | AB29: 0.90972222 | AC29: 0.91666667 | AD29: 115 | AE29: 0.027777778 | AF29: 0.045138889 | AG29: 114 | AH29: 0.11736111 | AI29: 0.12222222 | AJ29: 113 | AK29: 0.23611111 | AL29: 0.24513889 | AM29: 105 | AN29: 0.30347222 | AO29: 0.31736111 | AP29: 105 | AQ29: 0.38194444 | AR29: 0.38888889 | AS29: 100 | AT29: 0.48472222 | AU29: 0.49652778 | AV29: 95 | AW29: 0.065277778 | AX29: 0.068055556 | AY29: {=XLOOKUP(B29,faclon_results_2022!$D:$D,faclon_results_2022!$A:$A,"DNF")} -> 92 | AZ29: =TIME(5,0,0)+time(BA29,60*(BA29-int(BA29)),0) -> 0.62430556 | BA29: {=XLOOKUP(B29,faclon_results_2022!$D:$D,faclon_results_2022!$J:$J)} -> 33.98821
B30: 535 | C30: 52 | D30: 0.26319444 | E30: 0.26388889 | F30: 62 | G30: 0.31736111 | H30: 0.31736111 | I30: 79 | J30: 0.38819444 | K30: 0.4 | L30: 101 | M30: 0.48888889 | N30: 0.49583333 | O30: 111 | P30: 0.57291667 | Q30: 0.58125 | R30: 123 | S30: 0.65625 | T30: 0.66388889 | U30: 132 | V30: 0.71875 | W30: 0.73055556 | X30: 136 | Z30: 0.85625 | AA30: 134 | AB30: 0.92986111 | AC30: 0.93888889 | AD30: 129 | AE30: 0.055555556 | AF30: 0.079166667 | AG30: 148 | AH30: 0.20277778 | AI30: DNF | AY30: {=XLOOKUP(B30,faclon_results_2022!$D:$D,faclon_results_2022!$A:$A,"DNF")} -> DNF | AZ30: =TIME(5,0,0)+time(BA30,60*(BA30-int(BA30)),0) -> #N/A | BA30: {=XLOOKUP(B30,faclon_results_2022!$D:$D,faclon_results_2022!$J:$J)} -> #N/A
B31: 536 | C31: 63 | D31: 0.26319444 | E31: 0.26388889 | F31: 52 | G31: 0.31458333 | H31: 0.31458333 | I31: 36 | J31: 0.37083333 | K31: 0.37638889 | L31: 35 | M31: 0.44583333 | N31: 0.44791667 | O31: 30 | P31: 0.50347222 | Q31: 0.50625 | R31: 26 | S31: 0.56041667 | T31: 0.5625 | U31: 24 | V31: 0.6 | W31: 0.61458333 | X31: 32 | Z31: 0.7125 | AA31: 32 | AB31: 0.76944444 | AC31: 0.77361111 | AD31: 44 | AE31: 0.88680556 | AF31: 0.91388889 | AG31: 45 | AH31: 0.98541667 | AI31: 0.98819444 | AJ31: 49 | AK31: 0.098611111 | AL31: 0.10694444 | AM31: 45 | AN31: 0.15694444 | AO31: 0.17916667 | AP31: 53 | AQ31: 0.26527778 | AR31: 0.27708333 | AS31: 57 | AT31: 0.40069444 | AU31: 0.41805556 | AV31: 60 | AW31: 0.49305556 | AX31: 0.49513889 | AY31: {=XLOOKUP(B31,faclon_results_2022!$D:$D,faclon_results_2022!$A:$A,"DNF")} -> 59 | AZ31: =TIME(5,0,0)+time(BA31,60*(BA31-int(BA31)),0) -> 0.54305556 | BA31: {=XLOOKUP(B31,faclon_results_2022!$D:$D,faclon_results_2022!$J:$J)} -> 32.03422
B32: 537 | C32: 1 | D32: 0.25138889 | E32: 0.25208333 | F32: 9 | G32: 0.29444444 | H32: 0.29444444 | I32: 3 | J32: 0.34097222 | K32: 0.34236111 | L32: 1 | M32: 0.39513889 | N32: 0.39583333 | O32: 1 | P32: 0.43680556 | Q32: 0.43680556 | R32: 1 | S32: 0.47708333 | T32: 0.47847222 | U32: 1 | V32: 0.50972222 | W32: 0.51111111 | X32: 1 | Z32: 0.57430556 | AA32: 1 | AB32: 0.61527778 | AC32: 0.61666667 | AD32: 1 | AE32: 0.67916667 | AF32: 0.68333333 | AG32: 1 | AH32: 0.72777778 | AI32: 0.72847222 | AJ32: 1 | AK32: 0.78680556 | AL32: 0.78958333 | AM32: 1 | AN32: 0.82291667 | AO32: 0.82708333 | AP32: 1 | AQ32: 0.87361111 | AR32: 0.875 | AS32: 1 | AT32: 0.94583333 | AU32: 0.95 | AV32: 1 | AW32: 0.0048611111 | AX32: 0.0076388889 | AY32: {=XLOOKUP(B32,faclon_results_2022!$D:$D,faclon_results_2022!$A:$A,"DNF")} -> 1 | AZ32: =TIME(5,0,0)+time(BA32,60*(BA32-int(BA32)),0) -> 1.0506944 | BA32: {=XLOOKUP(B32,faclon_results_2022!$D:$D,faclon_results_2022!$J:$J)} -> 20.22406
B33: 538 | C33: 122 | D33: 0.27013889 | E33: 0.27083333 | F33: 127 | G33: 0.33263889 | H33: 0.33263889 | I33: 136 | J33: 0.40833333 | K33: 0.41597222 | L33: 131 | M33: 0.50486111 | N33: 0.50972222 | O33: 123 | P33: 0.57986111 | Q33: 0.58333333 | R33: 119 | S33: 0.65347222 | T33: 0.66041667 | U33: 117 | V33: 0.70625 | W33: 0.71875 | X33: 109 | Z33: 0.82777778 | AA33: 107 | AB33: 0.89236111 | AC33: 0.89652778 | AD33: 104 | AE33: 0.0034722222 | AF33: 0.026388889 | AG33: 103 | AH33: 0.098611111 | AI33: 0.10486111 | AJ33: 93 | AK33: 0.20069444 | AL33: 0.20555556 | AM33: 87 | AN33: 0.26805556 | AO33: 0.28402778 | AP33: 84 | AQ33: 0.34930556 | AR33: 0.35277778 | AS33: 79 | AT33: 0.45347222 | AU33: 0.45833333 | AV33: 75 | AW33: 0.53472222 | AX33: 0.53611111 | AY33: {=XLOOKUP(B33,faclon_results_2022!$D:$D,faclon_results_2022!$A:$A,"DNF")} -> 74 | AZ33: =TIME(5,0,0)+time(BA33,60*(BA33-int(BA33)),0) -> 0.58819444 | BA33: {=XLOOKUP(B33,faclon_results_2022!$D:$D,faclon_results_2022!$J:$J)} -> 33.12458
B34: 539 | C34: 182 | D34: 0.27777778 | E34: 0.27847222 | F34: 184 | G34: 0.34583333 | H34: 0.34583333 | I34: 177 | J34: 0.42430556 | K34: 0.42986111 | L34: 163 | M34: 0.52708333 | N34: 0.52986111 | O34: 169 | P34: 0.61319444 | Q34: 0.625 | R34: 181 | S34: 0.71666667 | T34: 0.72083333 | U34: 189 | V34: 0.80625 | W34: 0.82777778 | AY34: {=XLOOKUP(B34,faclon_results_2022!$D:$D,faclon_results_2022!$A:$A,"DNF")} -> DNF | AZ34: =TIME(5,0,0)+time(BA34,60*(BA34-int(BA34)),0) -> #N/A | BA34: {=XLOOKUP(B34,faclon_results_2022!$D:$D,faclon_results_2022!$J:$J)} -> #N/A
B35: 540 | C35: 193 | D35: 0.28125 | E35: 0.28194444 | F35: 189 | G35: 0.35347222 | H35: 0.35347222 | I35: 194 | J35: 0.44305556 | K35: 0.45208333 | L35: 188 | M35: 0.55763889 | N35: 0.55972222 | O35: 188 | P35: 0.64861111 | Q35: 0.65 | R35: 185 | S35: 0.73055556 | T35: 0.73263889 | U35: 182 | V35: 0.79513889 | W35: 0.81041667 | X35: 174 | Z35: 0.95277778 | AA35: DNF | AY35: {=XLOOKUP(B35,faclon_results_2022!$D:$D,faclon_results_2022!$A:$A,"DNF")} -> DNF | AZ35: =TIME(5,0,0)+time(BA35,60*(BA35-int(BA35)),0) -> #N/A | BA35: {=XLOOKUP(B35,faclon_results_2022!$D:$D,faclon_results_2022!$J:$J)} -> #N/A
B36: 541 | C36: 155 | D36: 0.27430556 | E36: 0.275 | F36: 103 | G36: 0.32569444 | H36: 0.32569444 | I36: 183 | J36: 0.42777778 | K36: 0.43263889 | L36: 187 | M36: 0.54930556 | N36: 0.55277778 | O36: 186 | P36: 0.6375 | Q36: 0.64166667 | R36: 184 | S36: 0.72777778 | T36: 0.73055556 | U36: 185 | V36: 0.79722222 | W36: DNF | AY36: {=XLOOKUP(B36,faclon_results_2022!$D:$D,faclon_results_2022!$A:$A,"DNF")} -> DNF | AZ36: =TIME(5,0,0)+time(BA36,60*(BA36-int(BA36)),0) -> #N/A | BA36: {=XLOOKUP(B36,faclon_results_2022!$D:$D,faclon_results_2022!$J:$J)} -> #N/A
B37: 542 | C37: 145 | D37: 0.27152778 | E37: 0.27222222 | F37: 156 | G37: 0.33819444 | H37: 0.33819444 | I37: 114 | J37: 0.40069444 | K37: 0.40972222 | L37: 138 | M37: 0.50555556 | N37: 0.51180556 | O37: 150 | P37: 0.59444444 | Q37: 0.59930556 | R37: 148 | S37: 0.67708333 | T37: 0.68680556 | U37: 158 | V37: 0.74375 | W37: 0.76319444 | AY37: {=XLOOKUP(B37,faclon_results_2022!$D:$D,faclon_results_2022!$A:$A,"DNF")} -> DNF | AZ37: =TIME(5,0,0)+time(BA37,60*(BA37-int(BA37)),0) -> #N/A | BA37: {=XLOOKUP(B37,faclon_results_2022!$D:$D,faclon_results_2022!$J:$J)} -> #N/A
B38: 543 | C38: 26 | D38: 0.25972222 | E38: 0.26041667 | I38: 24 | J38: 0.36388889 | K38: 0.36736111 | L38: 19 | M38: 0.43541667 | N38: 0.4375 | O38: 16 | P38: 0.49236111 | Q38: 0.49513889 | R38: 16 | S38: 0.54861111 | T38: 0.55138889 | U38: 16 | V38: 0.59097222 | W38: 0.60208333 | X38: 17 | Z38: 0.69097222 | AA38: 14 | AB38: 0.74027778 | AC38: 0.74305556 | AD38: 12 | AE38: 0.81597222 | AF38: 0.82430556 | AG38: 12 | AH38: 0.875 | AI38: 0.88055556 | AJ38: 10 | AK38: 0.94652778 | AL38: 0.95208333 | AM38: 9 | AN38: 0.99097222 | AO38: 0.99583333 | AP38: 8 | AQ38: 0.049305556 | AR38: 0.052083333 | AS38: 7 | AT38: 0.13888889 | AU38: 0.14236111 | AV38: 7 | AW38: 0.25833333 | AX38: 0.21875 | AY38: {=XLOOKUP(B38,faclon_results_2022!$D:$D,faclon_results_2022!$A:$A,"DNF")} -> 7 | AZ38: =TIME(5,0,0)+time(BA38,60*(BA38-int(BA38)),0) -> 0.26666667 | BA38: {=XLOOKUP(B38,faclon_results_2022!$D:$D,faclon_results_2022!$J:$J)} -> 25.40303
B39: 545 | C39: 143 | D39: 0.27152778 | E39: 0.27222222 | L39: 147 | M39: 0.51388889 | N39: 0.51736111 | O39: 143 | P39: 0.59166667 | Q39: 0.59513889 | R39: 143 | S39: 0.66736111 | T39: 0.66944444 | U39: 135 | V39: 0.71875 | W39: 0.72986111 | X39: 121 | Z39: 0.84236111 | AA39: 119 | AB39: 0.90972222 | AC39: 0.91666667 | AD39: 117 | AE39: 0.027777778 | AF39: 0.038194444 | AG39: 111 | AH39: 0.11666667 | AI39: 0.12013889 | AJ39: 111 | AK39: 0.23611111 | AL39: 0.24027778 | AM39: 104 | AN39: 0.29722222 | AO39: 0.30555556 | AP39: 100 | AQ39: 0.37152778 | AR39: 0.37638889 | AS39: 95 | AT39: 0.48125 | AU39: 0.48611111 | AV39: 93 | AW39: 0.063888889 | AX39: 0.065972222 | AY39: {=XLOOKUP(B39,faclon_results_2022!$D:$D,faclon_results_2022!$A:$A,"DNF")} -> 88 | AZ39: =TIME(5,0,0)+time(BA39,60*(BA39-int(BA39)),0) -> 0.61875 | BA39: {=XLOOKUP(B39,faclon_results_2022!$D:$D,faclon_results_2022!$J:$J)} -> 33.86131
B40: 546 | C40: 100 | D40: 0.26805556 | E40: 0.26875 | I40: 84 | J40: 0.38819444 | K40: 0.39166667 | L40: 69 | M40: 0.47222222 | N40: 0.47569444 | O40: 65 | P40: 0.53888889 | Q40: 0.54097222 | R40: 66 | S40: 0.60625 | T40: 0.60833333 | U40: 71 | V40: 0.66319444 | W40: 0.67083333 | X40: 72 | Z40: 0.77916667 | AA40: 70 | AB40: 0.83888889 | AC40: 0.84305556 | AD40: 63 | AE40: 0.93125 | AF40: 0.94027778 | AG40: 56 | AH40: 0.011805556 | AI40: 0.01875 | AJ40: 54 | AK40: 0.11041667 | AL40: 0.11597222 | AM40: 51 | AN40: 0.17222222 | AO40: 0.18125 | AP40: 50 | AQ40: 0.25486111 | AR40: 0.25902778 | AS40: 50 | AT40: 0.35347222 | AU40: 0.35833333 | AV40: 49 | AW40: 0.43055556 | AX40: 0.43402778 | AY40: {=XLOOKUP(B40,faclon_results_2022!$D:$D,faclon_results_2022!$A:$A,"DNF")} -> 48 | AZ40: =TIME(5,0,0)+time(BA40,60*(BA40-int(BA40)),0) -> 0.48194444 | BA40: {=XLOOKUP(B40,faclon_results_2022!$D:$D,faclon_results_2022!$J:$J)} -> 30.58263
B41: 547 | C41: 107 | D41: 0.26944444 | E41: 0.27013889 | F41: 87 | G41: 0.32430556 | H41: 0.32430556 | I41: 102 | J41: 0.39652778 | K41: 0.40208333 | L41: 97 | M41: 0.48541667 | N41: 0.48888889 | O41: 86 | P41: 0.55486111 | Q41: 0.55694444 | R41: 85 | S41: 0.625 | T41: 0.62708333 | U41: 91 | V41: 0.67986111 | W41: 0.68680556 | X41: 78 | Z41: 0.78194444 | AA41: 76 | AB41: 0.84027778 | AC41: 0.84513889 | AD41: 72 | AE41: 0.94583333 | AF41: 0.95277778 | AG41: 67 | AH41: 0.024305556 | AI41: 0.027083333 | AJ41: 61 | AK41: 0.13194444 | AL41: 0.13541667 | AM41: 60 | AN41: 0.20208333 | AO41: 0.20833333 | AP41: 57 | AQ41: 0.27916667 | AR41: 0.28194444 | AS41: 54 | AT41: 0.39652778 | AU41: 0.4 | AV41: 57 | AW41: 0.49097222 | AX41: 0.49236111 | AY41: {=XLOOKUP(B41,faclon_results_2022!$D:$D,faclon_results_2022!$A:$A,"DNF")} -> 58 | AZ41: =TIME(5,0,0)+time(BA41,60*(BA41-int(BA41)),0) -> 0.54027778 | BA41: {=XLOOKUP(B41,faclon_results_2022!$D:$D,faclon_results_2022!$J:$J)} -> 31.97675
B42: 548 | F42: 104 | G42: 0.32569444 | H42: 0.32569444 | I42: 130 | J42: 0.40555556 | K42: 0.40972222 | L42: 123 | M42: 0.50138889 | N42: 0.50555556 | O42: 117 | P42: 0.57847222 | Q42: 0.58194444 | R42: 122 | S42: 0.65625 | T42: 0.65972222 | U42: 126 | V42: 0.71111111 | W42: 0.71805556 | X42: 114 | Z42: 0.83194444 | AA42: 112 | AB42: 0.90277778 | AC42: 0.90833333 | AD42: 107 | AE42: 0.015972222 | AF42: 0.024305556 | AG42: 104 | AH42: 0.099305556 | AI42: 0.10416667 | AJ42: 100 | AK42: 0.20347222 | AL42: 0.20625 | AM42: 83 | AN42: 0.26736111 | AO42: 0.27430556 | AP42: 81 | AQ42: 0.34791667 | AR42: 0.35347222 | AS42: 85 | AT42: 0.46180556 | AU42: 0.46458333 | AV42: 82 | AW42: 0.046527778 | AX42: 0.047916667 | AY42: {=XLOOKUP(B42,faclon_results_2022!$D:$D,faclon_results_2022!$A:$A,"DNF")} -> 81 | AZ42: =TIME(5,0,0)+time(BA42,60*(BA42-int(BA42)),0) -> 0.60625 | BA42: {=XLOOKUP(B42,faclon_results_2022!$D:$D,faclon_results_2022!$J:$J)} -> 33.55615
B43: 549 | C43: 106 | D43: 0.26944444 | E43: 0.27013889 | I43: 104 | J43: 0.39722222 | K43: 0.40208333 | L43: 96 | M43: 0.48541667 | N43: 0.48888889 | O43: 87 | P43: 0.55486111 | Q43: 0.55694444 | R43: 84 | S43: 0.62430556 | T43: 0.62708333 | U43: 90 | V43: 0.67986111 | W43: 0.68680556 | X43: 77 | Z43: 0.78194444 | AA43: 77 | AB43: 0.85138889 | AC43: 0.84513889 | AD43: 70 | AE43: 0.94166667 | AF43: 0.95486111 | AG43: 65 | AH43: 0.021527778 | AI43: 0.024305556 | AJ43: 59 | AK43: 0.12152778 | AL43: 0.12569444 | AM43: 56 | AN43: 0.19166667 | AO43: 0.20208333 | AP43: 54 | AQ43: 0.27083333 | AR43: 0.27638889 | AS43: 53 | AT43: 0.39513889 | AU43: 0.4 | AV43: 55 | AW43: 0.48055556 | AX43: 0.48194444 | AY43: {=XLOOKUP(B43,faclon_results_2022!$D:$D,faclon_results_2022!$A:$A,"DNF")} -> 56 | AZ43: =TIME(5,0,0)+time(BA43,60*(BA43-int(BA43)),0) -> 0.53888889 | BA43: {=XLOOKUP(B43,faclon_results_2022!$D:$D,faclon_results_2022!$J:$J)} -> 31.93381
B44: 550 | C44: 76 | D44: 0.26597222 | E44: 0.26666667 | I44: 82 | J44: 0.38819444 | K44: 0.39652778 | L44: 81 | M44: 0.47847222 | N44: 0.48055556 | O44: 76 | P44: 0.54513889 | Q44: 0.55416667 | R44: 78 | S44: 0.61666667 | T44: 0.61944444 | U44: 70 | V44: 0.6625 | W44: 0.67083333 | X44: 65 | Z44: 0.77013889 | AA44: 62 | AB44: 0.82222222 | AC44: 0.82361111 | AD44: 56 | AE44: 0.91388889 | AF44: 0.925 | AG44: 51 | AH44: 0.99791667 | AI44: 0.0034722222 | AJ44: 53 | AK44: 0.10555556 | AL44: 0.10763889 | AM44: 42 | AN44: 0.15416667 | AO44: 0.16041667 | AP44: 45 | AQ44: 0.23958333 | AR44: 0.24583333 | AS44: 41 | AT44: 0.32777778 | AU44: 0.32777778 | AV44: 32 | AW44: 0.38263889 | AX44: 0.38263889 | AY44: {=XLOOKUP(B44,faclon_results_2022!$D:$D,faclon_results_2022!$A:$A,"DNF")} -> 31 | AZ44: =TIME(5,0,0)+time(BA44,60*(BA44-int(BA44)),0) -> 0.42291667 | BA44: {=XLOOKUP(B44,faclon_results_2022!$D:$D,faclon_results_2022!$J:$J)} -> 29.16156
B45: 552 | C45: 81 | D45: 0.26597222 | E45: 0.26666667 | F45: 75 | G45: 0.32083333 | H45: 0.32083333 | I45: 124 | J45: 0.40416667 | K45: DNF | AY45: {=XLOOKUP(B45,faclon_results_2022!$D:$D,faclon_results_2022!$A:$A,"DNF")} -> DNF | AZ45: =TIME(5,0,0)+time(BA45,60*(BA45-int(BA45)),0) -> #N/A | BA45: {=XLOOKUP(B45,faclon_results_2022!$D:$D,faclon_results_2022!$J:$J)} -> #N/A
B46: 553 | C46: 93 | D46: 0.26736111 | E46: 0.26805556 | I46: 98 | J46: 0.39583333 | K46: 0.4 | L46: 93 | M46: 0.48472222 | N46: 0.48888889 | O46: 91 | P46: 0.55555556 | Q46: 0.56041667 | R46: 88 | S46: 0.625 | T46: 0.62986111 | U46: 84 | V46: 0.67430556 | W46: 0.68611111 | X46: 74 | Z46: 0.77986111 | AA46: 72 | AB46: 0.83888889 | AC46: 0.84444444 | AD46: 76 | AE46: 0.94861111 | AF46: 0.96597222 | AG46: 79 | AH46: 0.043055556 | AI46: 0.047222222 | AJ46: 79 | AK46: 0.15486111 | AL46: 0.16319444 | AM46: 76 | AN46: 0.23888889 | AO46: 0.25208333 | AP46: 75 | AQ46: 0.33055556 | AR46: 0.3375 | AS46: 89 | AT46: 0.46388889 | AU46: 0.46805556 | AV46: 85 | AW46: 0.048611111 | AX46: 0.050694444 | AY46: {=XLOOKUP(B46,faclon_results_2022!$D:$D,faclon_results_2022!$A:$A,"DNF")} -> 91 | AZ46: =TIME(5,0,0)+time(BA46,60*(BA46-int(BA46)),0) -> 0.62222222 | BA46: {=XLOOKUP(B46,faclon_results_2022!$D:$D,faclon_results_2022!$J:$J)} -> 33.93589
B47: 554 | C47: 164 | D47: 0.27430556 | E47: 0.275 | I47: 171 | J47: 0.42222222 | K47: 0.42847222 | L47: 157 | M47: 0.51944444 | N47: 0.52361111 | O47: 149 | P47: 0.59444444 | Q47: 0.6 | R47: 141 | S47: 0.66736111 | T47: 0.67083333 | U47: 139 | V47: 0.72083333 | W47: 0.73055556 | X47: 126 | Z47: 0.84444444 | AA47: 127 | AB47: 0.91944444 | AC47: 0.925 | AD47: 121 | AE47: 0.0375 | AF47: 0.053472222 | AG47: 123 | AH47: 0.13819444 | AI47: 0.14722222 | AJ47: 120 | AK47: 0.25347222 | AL47: 0.25625 | AM47: 114 | AN47: 0.31597222 | AO47: 0.32430556 | AP47: 109 | AQ47: 0.4 | AR47: 0.425 | AS47: 119 | AT47: 0.53958333 | AU47: 0.54513889 | AV47: 117 | AW47: 0.12013889 | AX47: 0.12291667 | AY47: {=XLOOKUP(B47,faclon_results_2022!$D:$D,faclon_results_2022!$A:$A,"DNF")} -> 116 | AZ47: =TIME(5,0,0)+time(BA47,60*(BA47-int(BA47)),0) -> 0.68541667 | BA47: {=XLOOKUP(B47,faclon_results_2022!$D:$D,faclon_results_2022!$J:$J)} -> 35.45225
B48: 556 | C48: 40 | D48: 0.26041667 | E48: 0.26180556 | I48: 56 | J48: 0.37708333 | K48: 0.38263889 | L48: 76 | M48: 0.47430556 | N48: 0.47638889 | O48: 80 | P48: 0.55 | Q48: 0.55208333 | R48: 92 | S48: 0.62847222 | T48: 0.63055556 | U48: 101 | V48: 0.69305556 | W48: 0.70555556 | X48: 115 | Z48: 0.83263889 | AA48: 122 | AB48: 0.91527778 | AC48: 0.91805556 | AD48: 131 | AE48: 0.059027778 | AF48: 0.065972222 | AG48: 131 | AH48: 0.16458333 | AI48: 0.16875 | AJ48: 138 | AK48: 0.31180556 | AL48: 0.31388889 | AM48: 130 | AN48: 0.38194444 | AO48: 0.38333333 | AP48: 125 | AQ48: 0.47222222 | AR48: DNF | AY48: {=XLOOKUP(B48,faclon_results_2022!$D:$D,faclon_results_2022!$A:$A,"DNF")} -> DNF | AZ48: =TIME(5,0,0)+time(BA48,60*(BA48-int(BA48)),0) -> #N/A | BA48: {=XLOOKUP(B48,faclon_results_2022!$D:$D,faclon_results_2022!$J:$J)} -> #N/A
B49: 557 | C49: 142 | D49: 0.27152778 | E49: 0.27222222 | I49: 166 | J49: 0.42083333 | K49: DNF | AY49: {=XLOOKUP(B49,faclon_results_2022!$D:$D,faclon_results_2022!$A:$A,"DNF")} -> DNF | AZ49: =TIME(5,0,0)+time(BA49,60*(BA49-int(BA49)),0) -> #N/A | BA49: {=XLOOKUP(B49,faclon_results_2022!$D:$D,faclon_results_2022!$J:$J)} -> #N/A
B50: 558 | C50: 156 | D50: 0.27430556 | E50: 0.275 | F50: 157 | G50: 0.33888889 | H50: 0.33888889 | I50: 184 | J50: 0.42777778 | K50: 0.43333333 | L50: 177 | M50: 0.53680556 | N50: 0.54236111 | O50: 178 | P50: 0.62152778 | Q50: 0.62361111 | R50: 180 | S50: 0.71111111 | T50: 0.71319444 | U50: 174 | V50: 0.76736111 | W50: DNF | AY50: {=XLOOKUP(B50,faclon_results_2022!$D:$D,faclon_results_2022!$A:$A,"DNF")} -> DNF | AZ50: =TIME(5,0,0)+time(BA50,60*(BA50-int(BA50)),0) -> #N/A | BA50: {=XLOOKUP(B50,faclon_results_2022!$D:$D,faclon_results_2022!$J:$J)} -> #N/A
B51: 559 | C51: 176 | D51: 0.275 | E51: 0.27569444 | F51: 170 | G51: 0.33888889 | H51: 0.33888889 | I51: 112 | J51: 0.40069444 | K51: 0.41180556 | L51: 108 | M51: 0.49444444 | N51: 0.49861111 | O51: 108 | P51: 0.56944444 | Q51: 0.57361111 | R51: 102 | S51: 0.6375 | T51: 0.64166667 | U51: 98 | V51: 0.68611111 | W51: 0.69652778 | X51: 95 | Z51: 0.80416667 | AA51: 96 | AB51: 0.87777778 | AC51: 0.87638889 | AD51: 93 | AE51: 0.98402778 | AF51: 0.0013888889 | AG51: 96 | AH51: 0.086111111 | AI51: 0.096527778 | AJ51: 91 | AK51: 0.19722222 | AL51: 0.20277778 | AM51: 92 | AN51: 0.27152778 | AO51: 0.2875 | AP51: 99 | AQ51: 0.36805556 | AR51: 0.37291667 | AS51: 105 | AT51: 0.49097222 | AU51: 0.50138889 | AV51: 108 | AW51: 0.096527778 | AX51: 0.098611111 | AY51: {=XLOOKUP(B51,faclon_results_2022!$D:$D,faclon_results_2022!$A:$A,"DNF")} -> 109 | AZ51: =TIME(5,0,0)+time(BA51,60*(BA51-int(BA51)),0) -> 0.66666667 | BA51: {=XLOOKUP(B51,faclon_results_2022!$D:$D,faclon_results_2022!$J:$J)} -> 35.00128
B52: 561 | C52: 36 | D52: 0.26041667 | E52: 0.26180556 | I52: 38 | J52: 0.37152778 | K52: 0.37708333 | L52: 32 | M52: 0.44583333 | N52: 0.44722222 | O52: 31 | P52: 0.50347222 | Q52: 0.50486111 | R52: 29 | S52: 0.56388889 | T52: 0.56597222 | U52: 31 | V52: 0.60625 | W52: 0.61041667 | X52: 21 | Z52: 0.69583333 | AA52: 23 | AB52: 0.74930556 | AC52: 0.75208333 | AD52: 18 | AE52: 0.82916667 | AF52: 0.83888889 | AG52: 19 | AH52: 0.89861111 | AI52: 0.90069444 | AJ52: 17 | AK52: 0.97708333 | AL52: 0.98055556 | AM52: 15 | AN52: 0.027777778 | AO52: 0.031944444 | AP52: 16 | AQ52: 0.097916667 | AR52: 0.10625 | AS52: 15 | AT52: 0.19444444 | AU52: 0.19583333 | AV52: 15 | AW52: 0.26527778 | AX52: 0.26666667 | AY52: {=XLOOKUP(B52,faclon_results_2022!$D:$D,faclon_results_2022!$A:$A,"DNF")} -> 15 | AZ52: =TIME(5,0,0)+time(BA52,60*(BA52-int(BA52)),0) -> 0.31944444 | BA52: {=XLOOKUP(B52,faclon_results_2022!$D:$D,faclon_results_2022!$J:$J)} -> 26.66988
B53: 562 | C53: 42 | D53: 0.26041667 | E53: 0.26180556 | F53: 38 | G53: 0.31180556 | H53: 0.31180556 | I53: 49 | J53: 0.375 | K53: 0.38194444 | L53: 46 | M53: 0.45416667 | N53: 0.45555556 | O53: 46 | P53: 0.51319444 | Q53: 0.52013889 | R53: 45 | S53: 0.57847222 | T53: 0.58055556 | U53: 44 | V53: 0.62083333 | W53: 0.62777778 | X53: 40 | Z53: 0.725 | AA53: 41 | AB53: 0.78402778 | AC53: 0.78611111 | AD53: 36 | AE53: 0.86944444 | AF53: 0.87569444 | AG53: 30 | AH53: 0.93888889 | AI53: 0.94166667 | AJ53: 33 | AK53: 0.035416667 | AL53: 0.038194444 | AM53: 30 | AN53: 0.10555556 | AO53: 0.12083333 | AP53: 31 | AQ53: 0.19513889 | AR53: 0.19791667 | AS53: 38 | AT53: 0.31041667 | AU53: 0.32777778 | AV53: 42 | AW53: 0.40833333 | AX53: 0.40972222 | AY53: {=XLOOKUP(B53,faclon_results_2022!$D:$D,faclon_results_2022!$A:$A,"DNF")} -> 46 | AZ53: =TIME(5,0,0)+time(BA53,60*(BA53-int(BA53)),0) -> 0.47777778 | BA53: {=XLOOKUP(B53,faclon_results_2022!$D:$D,faclon_results_2022!$J:$J)} -> 30.48305
B54: 563 | C54: 7 | D54: 0.25208333 | E54: 0.25277778 | I54: 7 | J54: 0.34583333 | K54: 0.34791667 | L54: 6 | M54: 0.41597222 | N54: 0.41666667 | O54: 6 | P54: 0.47083333 | Q54: 0.47222222 | R54: 5 | S54: 0.51805556 | T54: 0.51944444 | U54: 6 | V54: 0.55277778 | W54: 0.55555556 | X54: 5 | Z54: 0.64166667 | AA54: 6 | AB54: 0.69166667 | AC54: 0.69375 | AD54: 6 | AE54: 0.77152778 | AF54: 0.775 | AG54: 6 | AH54: 0.83958333 | AI54: 0.84166667 | AJ54: 8 | AK54: 0.92986111 | AL54: 0.93263889 | AM54: 8 | AN54: 0.98680556 | AO54: 0.98958333 | AP54: 9 | AQ54: 0.050694444 | AR54: 0.052083333 | AS54: 8 | AT54: 0.15277778 | AU54: 0.15694444 | AV54: 9 | AW54: 0.2375 | AX54: 0.23819444 | AY54: {=XLOOKUP(B54,faclon_results_2022!$D:$D,faclon_results_2022!$A:$A,"DNF")} -> 10 | AZ54: =TIME(5,0,0)+time(BA54,60*(BA54-int(BA54)),0) -> 0.28472222 | BA54: {=XLOOKUP(B54,faclon_results_2022!$D:$D,faclon_results_2022!$J:$J)} -> 25.84106
B55: 564 | C55: 61 | D55: 0.26319444 | E55: 0.26388889 | I55: 51 | J55: 0.37638889 | K55: 0.38055556 | L55: 48 | M55: 0.45555556 | N55: 0.45763889 | O55: 48 | P55: 0.51944444 | Q55: 0.52430556 | R55: 48 | S55: 0.58472222 | T55: 0.5875 | U55: 59 | V55: 0.64236111 | W55: 0.65138889 | X55: 61 | Z55: 0.76041667 | AA55: 61 | AB55: 0.81944444 | AC55: 0.82152778 | AD55: 61 | AE55: 0.93125 | AF55: 0.95138889 | AG55: 68 | AH55: 0.024305556 | AI55: 0.027083333 | AJ55: 62 | AK55: 0.13194444 | AL55: 0.13611111 | AM55: 61 | AN55: 0.20208333 | AO55: 0.21111111 | AP55: 59 | AQ55: 0.29236111 | AR55: 0.30208333 | AS55: 63 | AT55: 0.41805556 | AU55: 0.42847222 | AV55: 69 | AW55: 0.51944444 | AX55: 0.52222222 | AY55: {=XLOOKUP(B55,faclon_results_2022!$D:$D,faclon_results_2022!$A:$A,"DNF")} -> 73 | AZ55: =TIME(5,0,0)+time(BA55,60*(BA55-int(BA55)),0) -> 0.58680556 | BA55: {=XLOOKUP(B55,faclon_results_2022!$D:$D,faclon_results_2022!$J:$J)} -> 33.08826
B56: 565 | F56: 46 | G56: 0.31388889 | H56: 0.31388889 | I56: 12 | J56: 8::27 | K56: 0.35416667 | L56: 11 | M56: 0.42083333 | N56: 0.42291667 | O56: 10 | P56: 0.475 | Q56: 0.47777778 | R56: 9 | S56: 0.53055556 | T56: 0.53333333 | U56: 11 | V56: 0.57430556 | W56: 0.58680556 | X56: 23 | Z56: 0.69652778 | AA56: 25 | AB56: 0.75 | AC56: 0.75416667 | AD56: 25 | AE56: 0.83125 | AF56: 0.93333333 | AG56: 54 | AH56: 0.0034722222 | AI56: 0.0076388889 | AJ56: 52 | AK56: 0.10416667 | AL56: 0.10833333 | AM56: 48 | AN56: 0.16527778 | AO56: 0.18333333 | AP56: 49 | AQ56: 0.25347222 | AR56: 0.26319444 | AS56: 51 | AT56: 0.35625 | AU56: 0.36736111 | AV56: 52 | AW56: 0.44722222 | AX56: 0.44861111 | AY56: {=XLOOKUP(B56,faclon_results_2022!$D:$D,faclon_results_2022!$A:$A,"DNF")} -> 50 | AZ56: =TIME(5,0,0)+time(BA56,60*(BA56-int(BA56)),0) -> 0.49513889 | BA56: {=XLOOKUP(B56,faclon_results_2022!$D:$D,faclon_results_2022!$J:$J)} -> 30.89298
B57: 566 | C57: 58 | D57: 0.26319444 | E57: 0.26388889 | AY57: {=XLOOKUP(B57,faclon_results_2022!$D:$D,faclon_results_2022!$A:$A,"DNF")} -> DNF | AZ57: =TIME(5,0,0)+time(BA57,60*(BA57-int(BA57)),0) -> #N/A | BA57: {=XLOOKUP(B57,faclon_results_2022!$D:$D,faclon_results_2022!$J:$J)} -> #N/A
B58: 566 | C58: 20 | D58: 0.25763889 | E58: 0.25833333 | I58: 75 | J58: 0.38819444 | K58: 0.39305556 | L58: 99 | M58: 0.48819444 | N58: 0.49097222 | O58: 104 | P58: 0.56805556 | Q58: 0.57430556 | R58: 115 | S58: 0.65 | T58: 0.65208333 | U58: 115 | V58: 0.70625 | W58: 0.71319444 | X58: 143 | Z58: 0.86944444 | AA58: 148 | AB58: 0.94722222 | AC58: 0.95069444 | AD58: DNF | AY58: {=XLOOKUP(B58,faclon_results_2022!$D:$D,faclon_results_2022!$A:$A,"DNF")} -> DNF | AZ58: =TIME(5,0,0)+time(BA58,60*(BA58-int(BA58)),0) -> #N/A | BA58: {=XLOOKUP(B58,faclon_results_2022!$D:$D,faclon_results_2022!$J:$J)} -> #N/A
